food_id,nutrition_key,food_name,source,status
1,Abon,Abon,nutrition1_indonesia,AVAILABLE
2,Abon haruwan,Abon haruwan,nutrition1_indonesia,AVAILABLE
3,Agar-agar,Agar-agar,nutrition1_indonesia,AVAILABLE
4,Akar tonjong segar,Akar tonjong segar,nutrition1_indonesia,AVAILABLE
5,Aletoge segar,Aletoge segar,nutrition1_indonesia,AVAILABLE
6,Alpukat segar,Alpukat segar,nutrition1_indonesia,AVAILABLE
7,Ampas kacang hijau,Ampas kacang hijau,nutrition1_indonesia,AVAILABLE
8,Ampas Tahu,Ampas Tahu,nutrition1_indonesia,AVAILABLE
9,Ampas tahu kukus,Ampas tahu kukus,nutrition1_indonesia,AVAILABLE
10,Ampas tahu mentah,Ampas tahu mentah,nutrition1_indonesia,AVAILABLE
11,Anak sapi daging gemuk segar,Anak sapi daging gemuk segar,nutrition1_indonesia,AVAILABLE
12,Anak sapi daging kurus segar,Anak sapi daging kurus segar,nutrition1_indonesia,AVAILABLE
13,Anak sapi daging sedang segar,Anak sapi daging sedang segar,nutrition1_indonesia,AVAILABLE
14,Andaliman segar,Andaliman segar,nutrition1_indonesia,AVAILABLE
15,Andewi,Andewi,nutrition1_indonesia,AVAILABLE
16,Anggur hutan segar,Anggur hutan segar,nutrition1_indonesia,AVAILABLE
17,Angsa,Angsa,nutrition1_indonesia,AVAILABLE
18,Anyang sayur,Anyang sayur,nutrition1_indonesia,AVAILABLE
19,Apel,Apel,nutrition1_indonesia,AVAILABLE
20,Apel malang segar,Apel malang segar,nutrition1_indonesia,AVAILABLE
21,Arbei,Arbei,nutrition1_indonesia,AVAILABLE
22,Ares sayur,Ares sayur,nutrition1_indonesia,AVAILABLE
23,Arrowroot segar,Arrowroot segar,nutrition1_indonesia,AVAILABLE
24,Arwan sirsir,Arwan sirsir,nutrition1_indonesia,AVAILABLE
25,Asam kandis segar,Asam kandis segar,nutrition1_indonesia,AVAILABLE
26,Asam masak di pohon,Asam masak di pohon,nutrition1_indonesia,AVAILABLE
27,Asam payak segar,Asam payak segar,nutrition1_indonesia,AVAILABLE
28,Asan kandis kering,Asan kandis kering,nutrition1_indonesia,AVAILABLE
29,Asinan Bogor sayuran,Asinan Bogor sayuran,nutrition1_indonesia,AVAILABLE
30,Ayam,Ayam,nutrition1_indonesia,AVAILABLE
31,Ayam  goreng Kentuckysayap,Ayam  goreng Kentuckysayap,nutrition1_indonesia,AVAILABLE
32,Ayam ampela goreng,Ayam ampela goreng,nutrition1_indonesia,AVAILABLE
33,Ayam dideh/darah segar,Ayam dideh/darah segar,nutrition1_indonesia,AVAILABLE
34,Ayam goreng church texa sayap,Ayam goreng church texa sayap,nutrition1_indonesia,AVAILABLE
35,Ayam goreng church texas dada,Ayam goreng church texas dada,nutrition1_indonesia,AVAILABLE
36,Ayam goreng kalasan paha,Ayam goreng kalasan paha,nutrition1_indonesia,AVAILABLE
37,Ayam goreng kentucky dada,Ayam goreng kentucky dada,nutrition1_indonesia,AVAILABLE
38,Ayam goreng Kentucky paha,Ayam goreng Kentucky paha,nutrition1_indonesia,AVAILABLE
39,Ayam goreng mbok berek dada,Ayam goreng mbok berek dada,nutrition1_indonesia,AVAILABLE
40,Ayam goreng paha,Ayam goreng paha,nutrition1_indonesia,AVAILABLE
41,Ayam goreng pasundan dada,Ayam goreng pasundan dada,nutrition1_indonesia,AVAILABLE
42,Ayam goreng pasundan paha,Ayam goreng pasundan paha,nutrition1_indonesia,AVAILABLE
43,Ayam goreng pioneer dada,Ayam goreng pioneer dada,nutrition1_indonesia,AVAILABLE
44,Ayam goreng sukabumi dada,Ayam goreng sukabumi dada,nutrition1_indonesia,AVAILABLE
45,Ayam goreng sukabumi paha,Ayam goreng sukabumi paha,nutrition1_indonesia,AVAILABLE
46,Ayam hati segar,Ayam hati segar,nutrition1_indonesia,AVAILABLE
47,Ayam taliwang masakan,Ayam taliwang masakan,nutrition1_indonesia,AVAILABLE
48,Ayam usus goreng,Ayam usus goreng,nutrition1_indonesia,AVAILABLE
49,Babat,Babat,nutrition1_indonesia,AVAILABLE
50,Babi daging gemuk segar,Babi daging gemuk segar,nutrition1_indonesia,AVAILABLE
51,Babi daging kurus segar,Babi daging kurus segar,nutrition1_indonesia,AVAILABLE
52,Babi ginjal segar,Babi ginjal segar,nutrition1_indonesia,AVAILABLE
53,Babi hati segar,Babi hati segar,nutrition1_indonesia,AVAILABLE
54,Babi hutan masak rica masakan,Babi hutan masak rica masakan,nutrition1_indonesia,AVAILABLE
55,Bacang,Bacang,nutrition1_indonesia,AVAILABLE
56,Bagea kelapa asin,Bagea kelapa asin,nutrition1_indonesia,AVAILABLE
57,Bagea kelapa manis,Bagea kelapa manis,nutrition1_indonesia,AVAILABLE
58,Bagea kenari asin,Bagea kenari asin,nutrition1_indonesia,AVAILABLE
59,Bagea kenari manis,Bagea kenari manis,nutrition1_indonesia,AVAILABLE
60,Bagea kw 1,Bagea kw 1,nutrition1_indonesia,AVAILABLE
61,Bagea kw 2,Bagea kw 2,nutrition1_indonesia,AVAILABLE
62,Baje,Baje,nutrition1_indonesia,AVAILABLE
63,Bakpia kue,Bakpia kue,nutrition1_indonesia,AVAILABLE
64,Bakso,Bakso,nutrition1_indonesia,AVAILABLE
65,Bakung segar,Bakung segar,nutrition1_indonesia,AVAILABLE
66,Bakwan,Bakwan,nutrition1_indonesia,AVAILABLE
67,Baligo,Baligo,nutrition1_indonesia,AVAILABLE
68,Bantal,Bantal,nutrition1_indonesia,AVAILABLE
69,Barongko,Barongko,nutrition1_indonesia,AVAILABLE
70,Batang Tading,Batang Tading,nutrition1_indonesia,AVAILABLE
71,Batar daan,Batar daan,nutrition1_indonesia,AVAILABLE
72,Batatas gembili segar,Batatas gembili segar,nutrition1_indonesia,AVAILABLE
73,Batatas kelapa ubi bakar,Batatas kelapa ubi bakar,nutrition1_indonesia,AVAILABLE
74,Batatas kelapa ubi kukus,Batatas kelapa ubi kukus,nutrition1_indonesia,AVAILABLE
75,Batatas kelapa ubi segar,Batatas kelapa ubi segar,nutrition1_indonesia,AVAILABLE
76,Batatas tali ubi rebus,Batatas tali ubi rebus,nutrition1_indonesia,AVAILABLE
77,Bawang Bombay,Bawang Bombay,nutrition1_indonesia,AVAILABLE
78,Bawang Merah,Bawang Merah,nutrition1_indonesia,AVAILABLE
79,Bawang Putih,Bawang Putih,nutrition1_indonesia,AVAILABLE
80,Bayam kukus,Bayam kukus,nutrition1_indonesia,AVAILABLE
81,Bayam Merah,Bayam Merah,nutrition1_indonesia,AVAILABLE
82,Bayam merah segar,Bayam merah segar,nutrition1_indonesia,AVAILABLE
83,Bayam rebus,Bayam rebus,nutrition1_indonesia,AVAILABLE
84,Bayam segar,Bayam segar,nutrition1_indonesia,AVAILABLE
85,Bayam tumis + oncom,Bayam tumis + oncom,nutrition1_indonesia,AVAILABLE
86,Bayam tumis bersantan,Bayam tumis bersantan,nutrition1_indonesia,AVAILABLE
87,Bebek (itik),Bebek (itik),nutrition1_indonesia,AVAILABLE
88,Bebek alabio daging segar,Bebek alabio daging segar,nutrition1_indonesia,AVAILABLE
89,Bebek daging goreng,Bebek daging goreng,nutrition1_indonesia,AVAILABLE
90,Beberuk,Beberuk,nutrition1_indonesia,AVAILABLE
91,Beef burger,Beef burger,nutrition1_indonesia,AVAILABLE
92,Beef teriyaki masakan,Beef teriyaki masakan,nutrition1_indonesia,AVAILABLE
93,Beef yakiniku masakan,Beef yakiniku masakan,nutrition1_indonesia,AVAILABLE
94,Bekasam,Bekasam,nutrition1_indonesia,AVAILABLE
95,Bekasang,Bekasang,nutrition1_indonesia,AVAILABLE
96,Belibis daging segar,Belibis daging segar,nutrition1_indonesia,AVAILABLE
97,Belimbing,Belimbing,nutrition1_indonesia,AVAILABLE
98,Belitung talas kukus,Belitung talas kukus,nutrition1_indonesia,AVAILABLE
99,Belut goreng,Belut goreng,nutrition1_indonesia,AVAILABLE
100,Belut segar,Belut segar,nutrition1_indonesia,AVAILABLE
101,Belutlaut segar,Belutlaut segar,nutrition1_indonesia,AVAILABLE
102,Bengkuang,Bengkuang,nutrition1_indonesia,AVAILABLE
103,Bentul (Komba)  talas segar,Bentul (Komba)  talas segar,nutrition1_indonesia,AVAILABLE
104,Bentul talas kukus,Bentul talas kukus,nutrition1_indonesia,AVAILABLE
105,Beras Cerdas,Beras Cerdas,nutrition1_indonesia,AVAILABLE
106,Beras ganyong,Beras ganyong,nutrition1_indonesia,AVAILABLE
107,Beras Giling,Beras Giling,nutrition1_indonesia,AVAILABLE
108,Beras Giling masak (nasi),Beras Giling masak (nasi),nutrition1_indonesia,AVAILABLE
109,Beras giling mentah,Beras giling mentah,nutrition1_indonesia,AVAILABLE
110,Beras giling var pelita mentah,Beras giling var pelita mentah,nutrition1_indonesia,AVAILABLE
111,Beras giling var rojolele mentah,Beras giling var rojolele mentah,nutrition1_indonesia,AVAILABLE
112,Beras hitam mentah,Beras hitam mentah,nutrition1_indonesia,AVAILABLE
113,Beras jagung kuning kering mentah,Beras jagung kuning kering mentah,nutrition1_indonesia,AVAILABLE
114,Beras jagung putih kering mentah,Beras jagung putih kering mentah,nutrition1_indonesia,AVAILABLE
115,Beras Ketan Hitam,Beras Ketan Hitam,nutrition1_indonesia,AVAILABLE
116,Beras Ketan Hitam kukus,Beras Ketan Hitam kukus,nutrition1_indonesia,AVAILABLE
117,Beras Ketan Hitam tape,Beras Ketan Hitam tape,nutrition1_indonesia,AVAILABLE
118,Beras Ketan Hitam tumbuk,Beras Ketan Hitam tumbuk,nutrition1_indonesia,AVAILABLE
119,Beras ketan hitam tumbuk mentah,Beras ketan hitam tumbuk mentah,nutrition1_indonesia,AVAILABLE
120,Beras Ketan Putih,Beras Ketan Putih,nutrition1_indonesia,AVAILABLE
121,Beras Ketan Putih kukus,Beras Ketan Putih kukus,nutrition1_indonesia,AVAILABLE
122,Beras Ketan Putih tape,Beras Ketan Putih tape,nutrition1_indonesia,AVAILABLE
123,Beras Ketan Putih tumbuk,Beras Ketan Putih tumbuk,nutrition1_indonesia,AVAILABLE
124,Beras ketan putih tumbuk mentah,Beras ketan putih tumbuk mentah,nutrition1_indonesia,AVAILABLE
125,Beras ladang mentah,Beras ladang mentah,nutrition1_indonesia,AVAILABLE
126,Beras Menir,Beras Menir,nutrition1_indonesia,AVAILABLE
127,Beras menir mentah,Beras menir mentah,nutrition1_indonesia,AVAILABLE
128,Beras Merah tumbuk,Beras Merah tumbuk,nutrition1_indonesia,AVAILABLE
129,Beras Parboiled,Beras Parboiled,nutrition1_indonesia,AVAILABLE
130,Beras parboiled,Beras parboiled,nutrition1_indonesia,AVAILABLE
131,Beras Pecah Kulit,Beras Pecah Kulit,nutrition1_indonesia,AVAILABLE
132,Beras Setengah Giling,Beras Setengah Giling,nutrition1_indonesia,AVAILABLE
133,Beras Siger,Beras Siger,nutrition1_indonesia,AVAILABLE
134,Beras tumbuk mentah,Beras tumbuk mentah,nutrition1_indonesia,AVAILABLE
135,Beras tumbuk merah mentah,Beras tumbuk merah mentah,nutrition1_indonesia,AVAILABLE
136,Betok wadi masakan,Betok wadi masakan,nutrition1_indonesia,AVAILABLE
137,Bihun,Bihun,nutrition1_indonesia,AVAILABLE
138,Bihun Goreng,Bihun Goreng,nutrition1_indonesia,AVAILABLE
139,Bihun goreng instan,Bihun goreng instan,nutrition1_indonesia,AVAILABLE
140,Bihun Jagung mentah,Bihun Jagung mentah,nutrition1_indonesia,AVAILABLE
141,Bihun mentah,Bihun mentah,nutrition1_indonesia,AVAILABLE
142,Biji Jambu Mete,Biji Jambu Mete,nutrition1_indonesia,AVAILABLE
143,Biji Jambu Mete goreng,Biji Jambu Mete goreng,nutrition1_indonesia,AVAILABLE
144,Biji nangka/Biji salak,Biji nangka/Biji salak,nutrition1_indonesia,AVAILABLE
145,Bika ambon,Bika ambon,nutrition1_indonesia,AVAILABLE
146,Bika Ambon,Bika Ambon,nutrition1_indonesia,AVAILABLE
147,Bir (4% alkohol),Bir (4% alkohol),nutrition1_indonesia,AVAILABLE
148,Biskuit,Biskuit,nutrition1_indonesia,AVAILABLE
149,Bit,Bit,nutrition1_indonesia,AVAILABLE
150,Biwah segar,Biwah segar,nutrition1_indonesia,AVAILABLE
151,Bonggol Pisang,Bonggol Pisang,nutrition1_indonesia,AVAILABLE
152,Bonggol Pisang kering,Bonggol Pisang kering,nutrition1_indonesia,AVAILABLE
153,Bongkrek (tempe bungkil),Bongkrek (tempe bungkil),nutrition1_indonesia,AVAILABLE
154,Boros Kunci,Boros Kunci,nutrition1_indonesia,AVAILABLE
155,Boros Laja (lengkuas),Boros Laja (lengkuas),nutrition1_indonesia,AVAILABLE
156,Botok lamtoro,Botok lamtoro,nutrition1_indonesia,AVAILABLE
157,Brem,Brem,nutrition1_indonesia,AVAILABLE
158,Brondong,Brondong,nutrition1_indonesia,AVAILABLE
159,Brongkos,Brongkos,nutrition1_indonesia,AVAILABLE
160,Buah Atung,Buah Atung,nutrition1_indonesia,AVAILABLE
161,Buah kelenting segar,Buah kelenting segar,nutrition1_indonesia,AVAILABLE
162,Buah kelor,Buah kelor,nutrition1_indonesia,AVAILABLE
163,Buah kom segar,Buah kom segar,nutrition1_indonesia,AVAILABLE
164,Buah Mentega (bisbul),Buah Mentega (bisbul),nutrition1_indonesia,AVAILABLE
165,Buah merah,Buah merah,nutrition1_indonesia,AVAILABLE
166,Buah Naga Merah segar,Buah Naga Merah segar,nutrition1_indonesia,AVAILABLE
167,Buah Naga Putih segar,Buah Naga Putih segar,nutrition1_indonesia,AVAILABLE
168,Buah negri segar,Buah negri segar,nutrition1_indonesia,AVAILABLE
169,Buah Nona,Buah Nona,nutrition1_indonesia,AVAILABLE
170,Buah rotan segar,Buah rotan segar,nutrition1_indonesia,AVAILABLE
171,Buah rukam segar,Buah rukam segar,nutrition1_indonesia,AVAILABLE
172,Buah ruruhi segar,Buah ruruhi segar,nutrition1_indonesia,AVAILABLE
173,Buah tuppa segar,Buah tuppa segar,nutrition1_indonesia,AVAILABLE
174,Buaya daging dendeng mentah,Buaya daging dendeng mentah,nutrition1_indonesia,AVAILABLE
175,Bubur,Bubur,nutrition1_indonesia,AVAILABLE
176,Bubur sagu,Bubur sagu,nutrition1_indonesia,AVAILABLE
177,Bubur tinotuan (Manado),Bubur tinotuan (Manado),nutrition1_indonesia,AVAILABLE
178,Bulgogi masakan,Bulgogi masakan,nutrition1_indonesia,AVAILABLE
179,Bulung Jajan,Bulung Jajan,nutrition1_indonesia,AVAILABLE
180,Bulung Sangu,Bulung Sangu,nutrition1_indonesia,AVAILABLE
181,Buncis,Buncis,nutrition1_indonesia,AVAILABLE
182,Buncis asam,Buncis asam,nutrition1_indonesia,AVAILABLE
183,Buncis rebus,Buncis rebus,nutrition1_indonesia,AVAILABLE
184,Bunga pepaya segar,Bunga pepaya segar,nutrition1_indonesia,AVAILABLE
185,Bunga turi segar,Bunga turi segar,nutrition1_indonesia,AVAILABLE
186,Bungkil Biji Karet,Bungkil Biji Karet,nutrition1_indonesia,AVAILABLE
187,Bungkil Kacang Tanah,Bungkil Kacang Tanah,nutrition1_indonesia,AVAILABLE
188,Bungkil Kelapa,Bungkil Kelapa,nutrition1_indonesia,AVAILABLE
189,Buntil,Buntil,nutrition1_indonesia,AVAILABLE
190,Buntil daun talas,Buntil daun talas,nutrition1_indonesia,AVAILABLE
191,Buras,Buras,nutrition1_indonesia,AVAILABLE
192,Burung sarang segar,Burung sarang segar,nutrition1_indonesia,AVAILABLE
193,Cabai gembor merah segar,Cabai gembor merah segar,nutrition1_indonesia,AVAILABLE
194,Cabai hijau segar,Cabai hijau segar,nutrition1_indonesia,AVAILABLE
195,Cabai merah kering,Cabai merah kering,nutrition1_indonesia,AVAILABLE
196,Cabai merah segar,Cabai merah segar,nutrition1_indonesia,AVAILABLE
197,Cabai rawit segar,Cabai rawit segar,nutrition1_indonesia,AVAILABLE
198,Caisin segar,Caisin segar,nutrition1_indonesia,AVAILABLE
199,Cakalang asar (asap papua),Cakalang asar (asap papua),nutrition1_indonesia,AVAILABLE
200,Cake tape,Cake tape,nutrition1_indonesia,AVAILABLE
201,Cammetutu,Cammetutu,nutrition1_indonesia,AVAILABLE
202,Cantel mentah,Cantel mentah,nutrition1_indonesia,AVAILABLE
203,Cap cai sayur,Cap cai sayur,nutrition1_indonesia,AVAILABLE
204,Carica papaya segar,Carica papaya segar,nutrition1_indonesia,AVAILABLE
205,Cassavastick,Cassavastick,nutrition1_indonesia,AVAILABLE
206,Cempedak,Cempedak,nutrition1_indonesia,AVAILABLE
207,Cengkeh kering,Cengkeh kering,nutrition1_indonesia,AVAILABLE
208,Centel,Centel,nutrition1_indonesia,AVAILABLE
209,Ceriping getuk singkong,Ceriping getuk singkong,nutrition1_indonesia,AVAILABLE
210,Chicken teriyaki masakan,Chicken teriyaki masakan,nutrition1_indonesia,AVAILABLE
211,Chikiniku masakan,Chikiniku masakan,nutrition1_indonesia,AVAILABLE
212,Coklat bubuk,Coklat bubuk,nutrition1_indonesia,AVAILABLE
213,Coklat Manis batang,Coklat Manis batang,nutrition1_indonesia,AVAILABLE
214,Coklat Pahit batang,Coklat Pahit batang,nutrition1_indonesia,AVAILABLE
215,Coklat Susu batang,Coklat Susu batang,nutrition1_indonesia,AVAILABLE
216,Combro,Combro,nutrition1_indonesia,AVAILABLE
217,Corned Beef,Corned Beef,nutrition1_indonesia,AVAILABLE
218,Coto mangkasara kuda masakan,Coto mangkasara kuda masakan,nutrition1_indonesia,AVAILABLE
219,Coto mangkasara sapi masakan,Coto mangkasara sapi masakan,nutrition1_indonesia,AVAILABLE
220,Cue Selar Kuning,Cue Selar Kuning,nutrition1_indonesia,AVAILABLE
221,Cuka,Cuka,nutrition1_indonesia,AVAILABLE
222,Cumi-cumi goreng,Cumi-cumi goreng,nutrition1_indonesia,AVAILABLE
223,Cumi-cumi segar,Cumi-cumi segar,nutrition1_indonesia,AVAILABLE
224,Daging Anak Sapi,Daging Anak Sapi,nutrition1_indonesia,AVAILABLE
225,Daging Asap,Daging Asap,nutrition1_indonesia,AVAILABLE
226,Daging Babi Gemuk,Daging Babi Gemuk,nutrition1_indonesia,AVAILABLE
227,Daging Babi Kurus,Daging Babi Kurus,nutrition1_indonesia,AVAILABLE
228,Daging Domba,Daging Domba,nutrition1_indonesia,AVAILABLE
229,Daging Kambing,Daging Kambing,nutrition1_indonesia,AVAILABLE
230,Daging Kerbau,Daging Kerbau,nutrition1_indonesia,AVAILABLE
231,Daging Kuda,Daging Kuda,nutrition1_indonesia,AVAILABLE
232,Daging Sapi,Daging Sapi,nutrition1_indonesia,AVAILABLE
233,Daun bangun-bangun segar,Daun bangun-bangun segar,nutrition1_indonesia,AVAILABLE
234,Daun Bawang,Daun Bawang,nutrition1_indonesia,AVAILABLE
235,Daun bawang  merah segar,Daun bawang  merah segar,nutrition1_indonesia,AVAILABLE
236,Daun bebuas segar,Daun bebuas segar,nutrition1_indonesia,AVAILABLE
237,Daun belem segar,Daun belem segar,nutrition1_indonesia,AVAILABLE
238,Daun Beluntas,Daun Beluntas,nutrition1_indonesia,AVAILABLE
239,Daun Cincau,Daun Cincau,nutrition1_indonesia,AVAILABLE
240,Daun Gandaria,Daun Gandaria,nutrition1_indonesia,AVAILABLE
241,Daun gedi besar segar,Daun gedi besar segar,nutrition1_indonesia,AVAILABLE
242,Daun gelang segar,Daun gelang segar,nutrition1_indonesia,AVAILABLE
243,Daun gunda bali segar,Daun gunda bali segar,nutrition1_indonesia,AVAILABLE
244,Daun gunda serang segar,Daun gunda serang segar,nutrition1_indonesia,AVAILABLE
245,Daun Jambu Mete muda,Daun Jambu Mete muda,nutrition1_indonesia,AVAILABLE
246,Daun jampang segar,Daun jampang segar,nutrition1_indonesia,AVAILABLE
247,Daun jawaw seluang segar,Daun jawaw seluang segar,nutrition1_indonesia,AVAILABLE
248,Daun jonghe segar,Daun jonghe segar,nutrition1_indonesia,AVAILABLE
249,Daun kacang ma segar,Daun kacang ma segar,nutrition1_indonesia,AVAILABLE
250,Daun Kacang Panjang,Daun Kacang Panjang,nutrition1_indonesia,AVAILABLE
251,Daun Kacang Panjang kukus,Daun Kacang Panjang kukus,nutrition1_indonesia,AVAILABLE
252,Daun kacang panjang segar,Daun kacang panjang segar,nutrition1_indonesia,AVAILABLE
253,Daun kasbi/singkong karet segar,Daun kasbi/singkong karet segar,nutrition1_indonesia,AVAILABLE
254,Daun Katuk,Daun Katuk,nutrition1_indonesia,AVAILABLE
255,Daun katuk rebus,Daun katuk rebus,nutrition1_indonesia,AVAILABLE
256,Daun katuk segar,Daun katuk segar,nutrition1_indonesia,AVAILABLE
257,Daun Kecipir,Daun Kecipir,nutrition1_indonesia,AVAILABLE
258,Daun Kedondong,Daun Kedondong,nutrition1_indonesia,AVAILABLE
259,Daun Kelor,Daun Kelor,nutrition1_indonesia,AVAILABLE
260,Daun Kelor rebus,Daun Kelor rebus,nutrition1_indonesia,AVAILABLE
261,Daun Kemangi,Daun Kemangi,nutrition1_indonesia,AVAILABLE
262,Daun kenikir segar,Daun kenikir segar,nutrition1_indonesia,AVAILABLE
263,Daun kesum segar,Daun kesum segar,nutrition1_indonesia,AVAILABLE
264,Daun kol sawi segar,Daun kol sawi segar,nutrition1_indonesia,AVAILABLE
265,Daun Koro,Daun Koro,nutrition1_indonesia,AVAILABLE
266,Daun kubis segar,Daun kubis segar,nutrition1_indonesia,AVAILABLE
267,Daun Kumak,Daun Kumak,nutrition1_indonesia,AVAILABLE
268,Daun Labu Siam,Daun Labu Siam,nutrition1_indonesia,AVAILABLE
269,Daun Labu Waluh,Daun Labu Waluh,nutrition1_indonesia,AVAILABLE
270,Daun lamtoro segar,Daun lamtoro segar,nutrition1_indonesia,AVAILABLE
271,Daun leilem segar,Daun leilem segar,nutrition1_indonesia,AVAILABLE
272,Daun Leunca,Daun Leunca,nutrition1_indonesia,AVAILABLE
273,Daun Lobak,Daun Lobak,nutrition1_indonesia,AVAILABLE
274,Daun Lompong Tales,Daun Lompong Tales,nutrition1_indonesia,AVAILABLE
275,Daun Mangkokan,Daun Mangkokan,nutrition1_indonesia,AVAILABLE
276,Daun matel ambon segar,Daun matel ambon segar,nutrition1_indonesia,AVAILABLE
277,Daun Melinjo,Daun Melinjo,nutrition1_indonesia,AVAILABLE
278,Daun Mengkudu Kukus,Daun Mengkudu Kukus,nutrition1_indonesia,AVAILABLE
279,Daun ndusuk segar,Daun ndusuk segar,nutrition1_indonesia,AVAILABLE
280,Daun Oyong,Daun Oyong,nutrition1_indonesia,AVAILABLE
281,Daun oyong segar,Daun oyong segar,nutrition1_indonesia,AVAILABLE
282,Daun Pakis,Daun Pakis,nutrition1_indonesia,AVAILABLE
283,Daun pakis longgiho segar,Daun pakis longgiho segar,nutrition1_indonesia,AVAILABLE
284,Daun pakis segar,Daun pakis segar,nutrition1_indonesia,AVAILABLE
285,Daun pakis wambateu segar,Daun pakis wambateu segar,nutrition1_indonesia,AVAILABLE
286,Daun paku segar,Daun paku segar,nutrition1_indonesia,AVAILABLE
287,Daun pangisegar,Daun pangisegar,nutrition1_indonesia,AVAILABLE
288,Daun pare segar,Daun pare segar,nutrition1_indonesia,AVAILABLE
289,Daun pepaya segar,Daun pepaya segar,nutrition1_indonesia,AVAILABLE
290,Daun Pete Cina,Daun Pete Cina,nutrition1_indonesia,AVAILABLE
291,Daun Poh-pohan,Daun Poh-pohan,nutrition1_indonesia,AVAILABLE
292,Daun salam  bubuk,Daun salam  bubuk,nutrition1_indonesia,AVAILABLE
293,Daun selasih segar,Daun selasih segar,nutrition1_indonesia,AVAILABLE
294,Daun Semanggi,Daun Semanggi,nutrition1_indonesia,AVAILABLE
295,Daun semanggi segar,Daun semanggi segar,nutrition1_indonesia,AVAILABLE
296,Daun simpur segar,Daun simpur segar,nutrition1_indonesia,AVAILABLE
297,Daun singkil segar,Daun singkil segar,nutrition1_indonesia,AVAILABLE
298,Daun Singkong,Daun Singkong,nutrition1_indonesia,AVAILABLE
299,Daun singkong ambon segar,Daun singkong ambon segar,nutrition1_indonesia,AVAILABLE
300,Daun singkong ampenan segar,Daun singkong ampenan segar,nutrition1_indonesia,AVAILABLE
301,Daun singkong kopang segar,Daun singkong kopang segar,nutrition1_indonesia,AVAILABLE
302,Daun Singkong lodeh,Daun Singkong lodeh,nutrition1_indonesia,AVAILABLE
303,Daun Singkong rebus,Daun Singkong rebus,nutrition1_indonesia,AVAILABLE
304,Daun singkong segar,Daun singkong segar,nutrition1_indonesia,AVAILABLE
305,Daun Sintrong,Daun Sintrong,nutrition1_indonesia,AVAILABLE
306,Daun talas rebus,Daun talas rebus,nutrition1_indonesia,AVAILABLE
307,Daun talas segar,Daun talas segar,nutrition1_indonesia,AVAILABLE
308,Daun Tales,Daun Tales,nutrition1_indonesia,AVAILABLE
309,Daun Tales rebus,Daun Tales rebus,nutrition1_indonesia,AVAILABLE
310,Daun tespong segar,Daun tespong segar,nutrition1_indonesia,AVAILABLE
311,Daun Ubi Jalar,Daun Ubi Jalar,nutrition1_indonesia,AVAILABLE
312,Daun Ubi Jalar kukus,Daun Ubi Jalar kukus,nutrition1_indonesia,AVAILABLE
313,Daun ubi kuning segar,Daun ubi kuning segar,nutrition1_indonesia,AVAILABLE
314,Daun ubi merah kukus,Daun ubi merah kukus,nutrition1_indonesia,AVAILABLE
315,Daun ubi merah segar,Daun ubi merah segar,nutrition1_indonesia,AVAILABLE
316,Daun ubi putih segar,Daun ubi putih segar,nutrition1_indonesia,AVAILABLE
317,Daun ubi tinta segar,Daun ubi tinta segar,nutrition1_indonesia,AVAILABLE
318,Deblo,Deblo,nutrition1_indonesia,AVAILABLE
319,Dendeng belut goreng,Dendeng belut goreng,nutrition1_indonesia,AVAILABLE
320,Dendeng Daging Sapi,Dendeng Daging Sapi,nutrition1_indonesia,AVAILABLE
321,Dendeng mujahir goreng,Dendeng mujahir goreng,nutrition1_indonesia,AVAILABLE
322,Dideh darah ayam,Dideh darah ayam,nutrition1_indonesia,AVAILABLE
323,Dideh darah sapi,Dideh darah sapi,nutrition1_indonesia,AVAILABLE
324,Djibokum masakan,Djibokum masakan,nutrition1_indonesia,AVAILABLE
325,Dodol,Dodol,nutrition1_indonesia,AVAILABLE
326,Dodol bali,Dodol bali,nutrition1_indonesia,AVAILABLE
327,Dodol banjarmasin,Dodol banjarmasin,nutrition1_indonesia,AVAILABLE
328,Dodol galamai,Dodol galamai,nutrition1_indonesia,AVAILABLE
329,Dodol kedondong,Dodol kedondong,nutrition1_indonesia,AVAILABLE
330,Dodol manado,Dodol manado,nutrition1_indonesia,AVAILABLE
331,Dodonkol,Dodonkol,nutrition1_indonesia,AVAILABLE
332,Domba daging gemuk segar,Domba daging gemuk segar,nutrition1_indonesia,AVAILABLE
333,Domba daging kurus  segar,Domba daging kurus  segar,nutrition1_indonesia,AVAILABLE
334,Domba ginjal segar,Domba ginjal segar,nutrition1_indonesia,AVAILABLE
335,Duku,Duku,nutrition1_indonesia,AVAILABLE
336,Durian,Durian,nutrition1_indonesia,AVAILABLE
337,Duwet segar,Duwet segar,nutrition1_indonesia,AVAILABLE
338,Eceng Gondok,Eceng Gondok,nutrition1_indonesia,AVAILABLE
339,Embacang,Embacang,nutrition1_indonesia,AVAILABLE
340,Empal (daging) Goreng masakan,Empal (daging) Goreng masakan,nutrition1_indonesia,AVAILABLE
341,Empal Goreng,Empal Goreng,nutrition1_indonesia,AVAILABLE
342,Emping (kerupuk melinjo),Emping (kerupuk melinjo),nutrition1_indonesia,AVAILABLE
343,Emping beras,Emping beras,nutrition1_indonesia,AVAILABLE
344,Emping komak,Emping komak,nutrition1_indonesia,AVAILABLE
345,Encung asam segar,Encung asam segar,nutrition1_indonesia,AVAILABLE
346,Enting-enting gepuk hello kity,Enting-enting gepuk hello kity,nutrition1_indonesia,AVAILABLE
347,Enting-enting gepuk kacang tanah,Enting-enting gepuk kacang tanah,nutrition1_indonesia,AVAILABLE
348,Enting-enting wijen,Enting-enting wijen,nutrition1_indonesia,AVAILABLE
349,Erbis,Erbis,nutrition1_indonesia,AVAILABLE
350,Es krim,Es krim,nutrition1_indonesia,AVAILABLE
351,Es Krim (Coconut milk),Es Krim (Coconut milk),nutrition1_indonesia,AVAILABLE
352,Es Mambo,Es Mambo,nutrition1_indonesia,AVAILABLE
353,Es Sirup,Es Sirup,nutrition1_indonesia,AVAILABLE
354,Fillet o-fish,Fillet o-fish,nutrition1_indonesia,AVAILABLE
355,Gadeng/Gadung kering,Gadeng/Gadung kering,nutrition1_indonesia,AVAILABLE
356,Gado-gado,Gado-gado,nutrition1_indonesia,AVAILABLE
357,Gadung kukus,Gadung kukus,nutrition1_indonesia,AVAILABLE
358,Gadung mentah,Gadung mentah,nutrition1_indonesia,AVAILABLE
359,Gadung ubi kukus,Gadung ubi kukus,nutrition1_indonesia,AVAILABLE
360,Gadung ubi segar,Gadung ubi segar,nutrition1_indonesia,AVAILABLE
361,Gambas (Oyong),Gambas (Oyong),nutrition1_indonesia,AVAILABLE
362,Gambas lodeh,Gambas lodeh,nutrition1_indonesia,AVAILABLE
363,Gandaria,Gandaria,nutrition1_indonesia,AVAILABLE
364,Ganyong kukus,Ganyong kukus,nutrition1_indonesia,AVAILABLE
365,Ganyong mentah,Ganyong mentah,nutrition1_indonesia,AVAILABLE
366,Ganyong rebus,Ganyong rebus,nutrition1_indonesia,AVAILABLE
367,Ganyong segar,Ganyong segar,nutrition1_indonesia,AVAILABLE
368,Gaplek,Gaplek,nutrition1_indonesia,AVAILABLE
369,Gatep segar,Gatep segar,nutrition1_indonesia,AVAILABLE
370,Gatot,Gatot,nutrition1_indonesia,AVAILABLE
371,Geblek,Geblek,nutrition1_indonesia,AVAILABLE
372,Gelatine,Gelatine,nutrition1_indonesia,AVAILABLE
373,Gembili,Gembili,nutrition1_indonesia,AVAILABLE
374,Gembili ubi segar,Gembili ubi segar,nutrition1_indonesia,AVAILABLE
375,Gemblong,Gemblong,nutrition1_indonesia,AVAILABLE
376,Gendar goreng,Gendar goreng,nutrition1_indonesia,AVAILABLE
377,Genjer segar,Genjer segar,nutrition1_indonesia,AVAILABLE
378,Geplak,Geplak,nutrition1_indonesia,AVAILABLE
379,Geplak jahe,Geplak jahe,nutrition1_indonesia,AVAILABLE
380,Gete kuah asam masakan,Gete kuah asam masakan,nutrition1_indonesia,AVAILABLE
381,Getuk goreng,Getuk goreng,nutrition1_indonesia,AVAILABLE
382,Getuk Lindri,Getuk Lindri,nutrition1_indonesia,AVAILABLE
383,Getuk pisang,Getuk pisang,nutrition1_indonesia,AVAILABLE
384,Getuk singkong,Getuk singkong,nutrition1_indonesia,AVAILABLE
385,Ginjal Babi,Ginjal Babi,nutrition1_indonesia,AVAILABLE
386,Ginjal Domba,Ginjal Domba,nutrition1_indonesia,AVAILABLE
387,Ginjal Sapi,Ginjal Sapi,nutrition1_indonesia,AVAILABLE
388,Gudeg,Gudeg,nutrition1_indonesia,AVAILABLE
389,Gudeg sayur,Gudeg sayur,nutrition1_indonesia,AVAILABLE
390,Gula Aren,Gula Aren,nutrition1_indonesia,AVAILABLE
391,Gula Kelapa,Gula Kelapa,nutrition1_indonesia,AVAILABLE
392,Gula Merah Tebu belum dimurnikan,Gula Merah Tebu belum dimurnikan,nutrition1_indonesia,AVAILABLE
393,Gula putih,Gula putih,nutrition1_indonesia,AVAILABLE
394,Gulai asam keueung masakan,Gulai asam keueung masakan,nutrition1_indonesia,AVAILABLE
395,Gulai ikan masakan,Gulai ikan masakan,nutrition1_indonesia,AVAILABLE
396,Gulai ikan paya masakan,Gulai ikan paya masakan,nutrition1_indonesia,AVAILABLE
397,Gulai kambing,Gulai kambing,nutrition1_indonesia,AVAILABLE
398,Gulai keumamah masakan,Gulai keumamah masakan,nutrition1_indonesia,AVAILABLE
399,Gulai pakis,Gulai pakis,nutrition1_indonesia,AVAILABLE
400,Gulai pliek,Gulai pliek,nutrition1_indonesia,AVAILABLE
401,Gulai tiram masakan,Gulai tiram masakan,nutrition1_indonesia,AVAILABLE
402,Gurame asem manis masakan,Gurame asem manis masakan,nutrition1_indonesia,AVAILABLE
403,Gurandil,Gurandil,nutrition1_indonesia,AVAILABLE
404,Ham,Ham,nutrition1_indonesia,AVAILABLE
405,Hangop,Hangop,nutrition1_indonesia,AVAILABLE
406,Hati Babi,Hati Babi,nutrition1_indonesia,AVAILABLE
407,Hati Sapi,Hati Sapi,nutrition1_indonesia,AVAILABLE
408,Havermout,Havermout,nutrition1_indonesia,AVAILABLE
409,Hofa/Ubi hutan segar,Hofa/Ubi hutan segar,nutrition1_indonesia,AVAILABLE
410,Ikan asar merah masakan,Ikan asar merah masakan,nutrition1_indonesia,AVAILABLE
411,Ikan Asin bilis goreng,Ikan Asin bilis goreng,nutrition1_indonesia,AVAILABLE
412,Ikan Asin gabus goreng,Ikan Asin gabus goreng,nutrition1_indonesia,AVAILABLE
413,Ikan Asin japuh goreng,Ikan Asin japuh goreng,nutrition1_indonesia,AVAILABLE
414,Ikan Asin kering,Ikan Asin kering,nutrition1_indonesia,AVAILABLE
415,Ikan Asin pari goreng,Ikan Asin pari goreng,nutrition1_indonesia,AVAILABLE
416,Ikan Asin pepetek goreng,Ikan Asin pepetek goreng,nutrition1_indonesia,AVAILABLE
417,Ikan Asin sirinding goreng,Ikan Asin sirinding goreng,nutrition1_indonesia,AVAILABLE
418,Ikan Asin teri goreng,Ikan Asin teri goreng,nutrition1_indonesia,AVAILABLE
419,Ikan Bader (Tawes),Ikan Bader (Tawes),nutrition1_indonesia,AVAILABLE
420,Ikan balong segar,Ikan balong segar,nutrition1_indonesia,AVAILABLE
421,Ikan bambangan segar,Ikan bambangan segar,nutrition1_indonesia,AVAILABLE
422,Ikan Bandeng,Ikan Bandeng,nutrition1_indonesia,AVAILABLE
423,Ikan bandeng presto masakan,Ikan bandeng presto masakan,nutrition1_indonesia,AVAILABLE
424,Ikan banjar segar,Ikan banjar segar,nutrition1_indonesia,AVAILABLE
425,Ikan baronang segar,Ikan baronang segar,nutrition1_indonesia,AVAILABLE
426,Ikan baung bakar,Ikan baung bakar,nutrition1_indonesia,AVAILABLE
427,Ikan baung segar,Ikan baung segar,nutrition1_indonesia,AVAILABLE
428,Ikan Bawal,Ikan Bawal,nutrition1_indonesia,AVAILABLE
429,Ikan Bekasang,Ikan Bekasang,nutrition1_indonesia,AVAILABLE
430,Ikan Belida bakar,Ikan Belida bakar,nutrition1_indonesia,AVAILABLE
431,Ikan Belida segar,Ikan Belida segar,nutrition1_indonesia,AVAILABLE
432,Ikan Belut Segar goreng,Ikan Belut Segar goreng,nutrition1_indonesia,AVAILABLE
433,Ikan Belut Segar mentah,Ikan Belut Segar mentah,nutrition1_indonesia,AVAILABLE
434,Ikan Beunteur,Ikan Beunteur,nutrition1_indonesia,AVAILABLE
435,Ikan biawan segar,Ikan biawan segar,nutrition1_indonesia,AVAILABLE
436,Ikan bili segar,Ikan bili segar,nutrition1_indonesia,AVAILABLE
437,Ikan bubara segar,Ikan bubara segar,nutrition1_indonesia,AVAILABLE
438,Ikan bulan-bulan segar,Ikan bulan-bulan segar,nutrition1_indonesia,AVAILABLE
439,Ikan cakalang asap mentah,Ikan cakalang asap mentah,nutrition1_indonesia,AVAILABLE
440,Ikan cakalang asin mentah,Ikan cakalang asin mentah,nutrition1_indonesia,AVAILABLE
441,Ikan cakalang hati segar,Ikan cakalang hati segar,nutrition1_indonesia,AVAILABLE
442,Ikan cakalang jantung segar,Ikan cakalang jantung segar,nutrition1_indonesia,AVAILABLE
443,Ikan cakalang perut segar,Ikan cakalang perut segar,nutrition1_indonesia,AVAILABLE
444,Ikan cakalang segar,Ikan cakalang segar,nutrition1_indonesia,AVAILABLE
445,Ikan calo/ peda mentah,Ikan calo/ peda mentah,nutrition1_indonesia,AVAILABLE
446,Ikan daun segar,Ikan daun segar,nutrition1_indonesia,AVAILABLE
447,Ikan Ekor Kuning,Ikan Ekor Kuning,nutrition1_indonesia,AVAILABLE
448,Ikan Gabus asap mentah,Ikan Gabus asap mentah,nutrition1_indonesia,AVAILABLE
449,Ikan Gabus kering,Ikan Gabus kering,nutrition1_indonesia,AVAILABLE
450,Ikan Gabus segar,Ikan Gabus segar,nutrition1_indonesia,AVAILABLE
451,Ikan gete goreng,Ikan gete goreng,nutrition1_indonesia,AVAILABLE
452,Ikan hitam segar,Ikan hitam segar,nutrition1_indonesia,AVAILABLE
453,Ikan hiu kering,Ikan hiu kering,nutrition1_indonesia,AVAILABLE
454,Ikan hiu segar,Ikan hiu segar,nutrition1_indonesia,AVAILABLE
455,Ikan kacangan segar,Ikan kacangan segar,nutrition1_indonesia,AVAILABLE
456,Ikan kakap segar,Ikan kakap segar,nutrition1_indonesia,AVAILABLE
457,Ikan kakatua segar,Ikan kakatua segar,nutrition1_indonesia,AVAILABLE
458,Ikan kapar segar,Ikan kapar segar,nutrition1_indonesia,AVAILABLE
459,Ikan katombo asin,Ikan katombo asin,nutrition1_indonesia,AVAILABLE
460,Ikan kawalinya segar,Ikan kawalinya segar,nutrition1_indonesia,AVAILABLE
461,Ikan kayu kering,Ikan kayu kering,nutrition1_indonesia,AVAILABLE
462,Ikan Kembung,Ikan Kembung,nutrition1_indonesia,AVAILABLE
463,Ikan kima segar,Ikan kima segar,nutrition1_indonesia,AVAILABLE
464,Ikan Lais bakar,Ikan Lais bakar,nutrition1_indonesia,AVAILABLE
465,Ikan Layang,Ikan Layang,nutrition1_indonesia,AVAILABLE
466,Ikan layur segar,Ikan layur segar,nutrition1_indonesia,AVAILABLE
467,Ikan lehoma segar,Ikan lehoma segar,nutrition1_indonesia,AVAILABLE
468,Ikan Lele goreng,Ikan Lele goreng,nutrition1_indonesia,AVAILABLE
469,Ikan Lemuru,Ikan Lemuru,nutrition1_indonesia,AVAILABLE
470,Ikan lidah segar,Ikan lidah segar,nutrition1_indonesia,AVAILABLE
471,Ikan lomak asin mentah,Ikan lomak asin mentah,nutrition1_indonesia,AVAILABLE
472,Ikan malalugis segar,Ikan malalugis segar,nutrition1_indonesia,AVAILABLE
473,Ikan Mas,Ikan Mas,nutrition1_indonesia,AVAILABLE
474,Ikan Mas goreng,Ikan Mas goreng,nutrition1_indonesia,AVAILABLE
475,Ikan Mas pepes,Ikan Mas pepes,nutrition1_indonesia,AVAILABLE
476,Ikan mayong segar,Ikan mayong segar,nutrition1_indonesia,AVAILABLE
477,Ikan Mujair dendeng goreng,Ikan Mujair dendeng goreng,nutrition1_indonesia,AVAILABLE
478,Ikan Mujair dendeng mentah,Ikan Mujair dendeng mentah,nutrition1_indonesia,AVAILABLE
479,Ikan Mujair goreng,Ikan Mujair goreng,nutrition1_indonesia,AVAILABLE
480,Ikan Mujair pepes,Ikan Mujair pepes,nutrition1_indonesia,AVAILABLE
481,Ikan Mujair segar,Ikan Mujair segar,nutrition1_indonesia,AVAILABLE
482,Ikan nasu metti segar,Ikan nasu metti segar,nutrition1_indonesia,AVAILABLE
483,Ikan oci kembung segar,Ikan oci kembung segar,nutrition1_indonesia,AVAILABLE
484,Ikan Papuyu bakar,Ikan Papuyu bakar,nutrition1_indonesia,AVAILABLE
485,Ikan papuyu/ betok segar,Ikan papuyu/ betok segar,nutrition1_indonesia,AVAILABLE
486,Ikan Patin bakar,Ikan Patin bakar,nutrition1_indonesia,AVAILABLE
487,Ikan Patin segar,Ikan Patin segar,nutrition1_indonesia,AVAILABLE
488,Ikan peda banjar mentah,Ikan peda banjar mentah,nutrition1_indonesia,AVAILABLE
489,Ikan Pepetek,Ikan Pepetek,nutrition1_indonesia,AVAILABLE
490,Ikan Pindang banjar mentah,Ikan Pindang banjar mentah,nutrition1_indonesia,AVAILABLE
491,Ikan Pindang benggol mentah,Ikan Pindang benggol mentah,nutrition1_indonesia,AVAILABLE
492,Ikan Pindang layang mentah,Ikan Pindang layang mentah,nutrition1_indonesia,AVAILABLE
493,Ikan Pindang selar mentah,Ikan Pindang selar mentah,nutrition1_indonesia,AVAILABLE
494,Ikan sale lais mentah,Ikan sale lais mentah,nutrition1_indonesia,AVAILABLE
495,Ikan Sale segar,Ikan Sale segar,nutrition1_indonesia,AVAILABLE
496,Ikan saluang kering mentah,Ikan saluang kering mentah,nutrition1_indonesia,AVAILABLE
497,Ikan saluang segar,Ikan saluang segar,nutrition1_indonesia,AVAILABLE
498,Ikan sanggang masakan,Ikan sanggang masakan,nutrition1_indonesia,AVAILABLE
499,Ikan sarden segar,Ikan sarden segar,nutrition1_indonesia,AVAILABLE
500,Ikan Segar,Ikan Segar,nutrition1_indonesia,AVAILABLE
501,Ikan Selar kering,Ikan Selar kering,nutrition1_indonesia,AVAILABLE
502,Ikan selar kuning cue mentah,Ikan selar kuning cue mentah,nutrition1_indonesia,AVAILABLE
503,Ikan selar segar,Ikan selar segar,nutrition1_indonesia,AVAILABLE
504,Ikan Sepat kering,Ikan Sepat kering,nutrition1_indonesia,AVAILABLE
505,Ikan sepat segar,Ikan sepat segar,nutrition1_indonesia,AVAILABLE
506,Ikan sidat segar,Ikan sidat segar,nutrition1_indonesia,AVAILABLE
507,Ikan sunu asin mentah,Ikan sunu asin mentah,nutrition1_indonesia,AVAILABLE
508,Ikan sunu segar,Ikan sunu segar,nutrition1_indonesia,AVAILABLE
509,Ikan tahuman segar,Ikan tahuman segar,nutrition1_indonesia,AVAILABLE
510,Ikan tarmon segar,Ikan tarmon segar,nutrition1_indonesia,AVAILABLE
511,Ikan telan segar,Ikan telan segar,nutrition1_indonesia,AVAILABLE
512,Ikan telur asin mentah,Ikan telur asin mentah,nutrition1_indonesia,AVAILABLE
513,Ikan Tembang,Ikan Tembang,nutrition1_indonesia,AVAILABLE
514,Ikan tempahas segar,Ikan tempahas segar,nutrition1_indonesia,AVAILABLE
515,Ikan tepung mentah,Ikan tepung mentah,nutrition1_indonesia,AVAILABLE
516,Ikan terbang segar,Ikan terbang segar,nutrition1_indonesia,AVAILABLE
517,Ikan Teri bubuk,Ikan Teri bubuk,nutrition1_indonesia,AVAILABLE
518,Ikan Teri kering,Ikan Teri kering,nutrition1_indonesia,AVAILABLE
519,Ikan Teri Kering tawar,Ikan Teri Kering tawar,nutrition1_indonesia,AVAILABLE
520,Ikan Teri Nasi kering,Ikan Teri Nasi kering,nutrition1_indonesia,AVAILABLE
521,Ikan teri segar,Ikan teri segar,nutrition1_indonesia,AVAILABLE
522,Ikan Teri tepung,Ikan Teri tepung,nutrition1_indonesia,AVAILABLE
523,Ikan titang segar,Ikan titang segar,nutrition1_indonesia,AVAILABLE
524,Ikan tongkol segar,Ikan tongkol segar,nutrition1_indonesia,AVAILABLE
525,Ikan turi segar,Ikan turi segar,nutrition1_indonesia,AVAILABLE
526,Intip goreng,Intip goreng,nutrition1_indonesia,AVAILABLE
527,Itik alabio daging dendeng mentah,Itik alabio daging dendeng mentah,nutrition1_indonesia,AVAILABLE
528,Jagung grontol,Jagung grontol,nutrition1_indonesia,AVAILABLE
529,Jagung Kuning giling,Jagung Kuning giling,nutrition1_indonesia,AVAILABLE
530,Jagung Kuning muda,Jagung Kuning muda,nutrition1_indonesia,AVAILABLE
531,Jagung Kuning pipil baru,Jagung Kuning pipil baru,nutrition1_indonesia,AVAILABLE
532,Jagung kuning pipil kering mentah,Jagung kuning pipil kering mentah,nutrition1_indonesia,AVAILABLE
533,Jagung Kuning pipil lama,Jagung Kuning pipil lama,nutrition1_indonesia,AVAILABLE
534,Jagung kuning pipil rebus,Jagung kuning pipil rebus,nutrition1_indonesia,AVAILABLE
535,Jagung Kuning segar,Jagung Kuning segar,nutrition1_indonesia,AVAILABLE
536,Jagung kuning tepung,Jagung kuning tepung,nutrition1_indonesia,AVAILABLE
537,Jagung muda,Jagung muda,nutrition1_indonesia,AVAILABLE
538,Jagung muda kuning mentah,Jagung muda kuning mentah,nutrition1_indonesia,AVAILABLE
539,Jagung muda rebus,Jagung muda rebus,nutrition1_indonesia,AVAILABLE
540,Jagung pipil var. harapan kering,Jagung pipil var. harapan kering,nutrition1_indonesia,AVAILABLE
541,Jagung pipil var. metro kering,Jagung pipil var. metro kering,nutrition1_indonesia,AVAILABLE
542,Jagung Putih giling,Jagung Putih giling,nutrition1_indonesia,AVAILABLE
543,Jagung Putih muda,Jagung Putih muda,nutrition1_indonesia,AVAILABLE
544,Jagung Putih pipil baru,Jagung Putih pipil baru,nutrition1_indonesia,AVAILABLE
545,Jagung Putih pipil lama,Jagung Putih pipil lama,nutrition1_indonesia,AVAILABLE
546,Jagung Putih segar,Jagung Putih segar,nutrition1_indonesia,AVAILABLE
547,Jagung Rebus,Jagung Rebus,nutrition1_indonesia,AVAILABLE
548,Jagung Sayur (tumis),Jagung Sayur (tumis),nutrition1_indonesia,AVAILABLE
549,Jagung titi,Jagung titi,nutrition1_indonesia,AVAILABLE
550,Jahe,Jahe,nutrition1_indonesia,AVAILABLE
551,Jali,Jali,nutrition1_indonesia,AVAILABLE
552,Jam selai,Jam selai,nutrition1_indonesia,AVAILABLE
553,Jambal goreng,Jambal goreng,nutrition1_indonesia,AVAILABLE
554,Jambu Air,Jambu Air,nutrition1_indonesia,AVAILABLE
555,Jambu Biji,Jambu Biji,nutrition1_indonesia,AVAILABLE
556,Jambu biji putih tidak berbiji,Jambu biji putih tidak berbiji,nutrition1_indonesia,AVAILABLE
557,Jambu Bol,Jambu Bol,nutrition1_indonesia,AVAILABLE
558,Jambu Monyet buah,Jambu Monyet buah,nutrition1_indonesia,AVAILABLE
559,Jampang huma mentah,Jampang huma mentah,nutrition1_indonesia,AVAILABLE
560,Jamur Coklat (kulat siau),Jamur Coklat (kulat siau),nutrition1_indonesia,AVAILABLE
561,Jamur encik,Jamur encik,nutrition1_indonesia,AVAILABLE
562,Jamur kuping kering,Jamur kuping kering,nutrition1_indonesia,AVAILABLE
563,Jamur kuping segar,Jamur kuping segar,nutrition1_indonesia,AVAILABLE
564,Jamur merang segar,Jamur merang segar,nutrition1_indonesia,AVAILABLE
565,Jamur Putih (kulat putih),Jamur Putih (kulat putih),nutrition1_indonesia,AVAILABLE
566,Jamur sagu,Jamur sagu,nutrition1_indonesia,AVAILABLE
567,Jamur tiram segar,Jamur tiram segar,nutrition1_indonesia,AVAILABLE
568,Jangang bintatoeng masakan,Jangang bintatoeng masakan,nutrition1_indonesia,AVAILABLE
569,Jantung Pisang segar,Jantung Pisang segar,nutrition1_indonesia,AVAILABLE
570,Japilus,Japilus,nutrition1_indonesia,AVAILABLE
571,Jaruk Tigarun,Jaruk Tigarun,nutrition1_indonesia,AVAILABLE
572,Jawawut,Jawawut,nutrition1_indonesia,AVAILABLE
573,Jenang,Jenang,nutrition1_indonesia,AVAILABLE
574,Jengkol segar,Jengkol segar,nutrition1_indonesia,AVAILABLE
575,Jeruk Bali,Jeruk Bali,nutrition1_indonesia,AVAILABLE
576,Jeruk banjar segar,Jeruk banjar segar,nutrition1_indonesia,AVAILABLE
577,Jeruk Garut,Jeruk Garut,nutrition1_indonesia,AVAILABLE
578,Jeruk Kalamansi segar,Jeruk Kalamansi segar,nutrition1_indonesia,AVAILABLE
579,Jeruk Manis,Jeruk Manis,nutrition1_indonesia,AVAILABLE
580,Jeruk Nipis,Jeruk Nipis,nutrition1_indonesia,AVAILABLE
581,Jeruk ragi segar,Jeruk ragi segar,nutrition1_indonesia,AVAILABLE
582,Jotang,Jotang,nutrition1_indonesia,AVAILABLE
583,Jukku pallu kaloa masakan,Jukku pallu kaloa masakan,nutrition1_indonesia,AVAILABLE
584,Kabau segar,Kabau segar,nutrition1_indonesia,AVAILABLE
585,Kaburan ubi segar,Kaburan ubi segar,nutrition1_indonesia,AVAILABLE
586,Kabuto,Kabuto,nutrition1_indonesia,AVAILABLE
587,Kacang Andong,Kacang Andong,nutrition1_indonesia,AVAILABLE
588,Kacang Arab,Kacang Arab,nutrition1_indonesia,AVAILABLE
589,Kacang atom,Kacang atom,nutrition1_indonesia,AVAILABLE
590,Kacang babi kering,Kacang babi kering,nutrition1_indonesia,AVAILABLE
591,Kacang belimbing (kecipir) kering,Kacang belimbing (kecipir) kering,nutrition1_indonesia,AVAILABLE
592,Kacang Belimbing rebus,Kacang Belimbing rebus,nutrition1_indonesia,AVAILABLE
593,Kacang Belimbing tempe,Kacang Belimbing tempe,nutrition1_indonesia,AVAILABLE
594,Kacang beracun segar,Kacang beracun segar,nutrition1_indonesia,AVAILABLE
595,Kacang Bogor goreng,Kacang Bogor goreng,nutrition1_indonesia,AVAILABLE
596,Kacang bogor kering,Kacang bogor kering,nutrition1_indonesia,AVAILABLE
597,Kacang Bogor rebus,Kacang Bogor rebus,nutrition1_indonesia,AVAILABLE
598,Kacang bogor segar,Kacang bogor segar,nutrition1_indonesia,AVAILABLE
599,Kacang Endel biji,Kacang Endel biji,nutrition1_indonesia,AVAILABLE
600,Kacang ercis segar,Kacang ercis segar,nutrition1_indonesia,AVAILABLE
601,kacang galing segar,kacang galing segar,nutrition1_indonesia,AVAILABLE
602,Kacang goyang,Kacang goyang,nutrition1_indonesia,AVAILABLE
603,Kacang Gude biji,Kacang Gude biji,nutrition1_indonesia,AVAILABLE
604,Kacang gude biji kering,Kacang gude biji kering,nutrition1_indonesia,AVAILABLE
605,Kacang Gude biji muda,Kacang Gude biji muda,nutrition1_indonesia,AVAILABLE
606,Kacang Gude muda,Kacang Gude muda,nutrition1_indonesia,AVAILABLE
607,Kacang gude rebus,Kacang gude rebus,nutrition1_indonesia,AVAILABLE
608,Kacang hijau kering,Kacang hijau kering,nutrition1_indonesia,AVAILABLE
609,kacang hijau rebus,kacang hijau rebus,nutrition1_indonesia,AVAILABLE
610,Kacang hijau var. bakti kering,Kacang hijau var. bakti kering,nutrition1_indonesia,AVAILABLE
611,Kacang hijau var. siwalik kering,Kacang hijau var. siwalik kering,nutrition1_indonesia,AVAILABLE
612,Kacang hitam kering,Kacang hitam kering,nutrition1_indonesia,AVAILABLE
613,Kacang Ijo,Kacang Ijo,nutrition1_indonesia,AVAILABLE
614,Kacang Kapri Goreng,Kacang Kapri Goreng,nutrition1_indonesia,AVAILABLE
615,Kacang Kapri muda,Kacang Kapri muda,nutrition1_indonesia,AVAILABLE
616,Kacang Kedelai basah,Kacang Kedelai basah,nutrition1_indonesia,AVAILABLE
617,Kacang kedelai goreng,Kacang kedelai goreng,nutrition1_indonesia,AVAILABLE
618,Kacang kedelai kering,Kacang kedelai kering,nutrition1_indonesia,AVAILABLE
619,Kacang Kedelai kukus,Kacang Kedelai kukus,nutrition1_indonesia,AVAILABLE
620,Kacang kedelai rebus,Kacang kedelai rebus,nutrition1_indonesia,AVAILABLE
621,Kacang kedelai segar,Kacang kedelai segar,nutrition1_indonesia,AVAILABLE
622,Kacang komak segar,Kacang komak segar,nutrition1_indonesia,AVAILABLE
623,Kacang kuning kering,Kacang kuning kering,nutrition1_indonesia,AVAILABLE
624,Kacang lebui /iris kering,Kacang lebui /iris kering,nutrition1_indonesia,AVAILABLE
625,Kacang mekah polong segar,Kacang mekah polong segar,nutrition1_indonesia,AVAILABLE
626,Kacang mentega kering,Kacang mentega kering,nutrition1_indonesia,AVAILABLE
627,Kacang Merah,Kacang Merah,nutrition1_indonesia,AVAILABLE
628,Kacang merah /banda kering,Kacang merah /banda kering,nutrition1_indonesia,AVAILABLE
629,Kacang merah kering,Kacang merah kering,nutrition1_indonesia,AVAILABLE
630,Kacang Merah kering rebus,Kacang Merah kering rebus,nutrition1_indonesia,AVAILABLE
631,Kacang merah segar,Kacang merah segar,nutrition1_indonesia,AVAILABLE
632,Kacang Merah segar rebus,Kacang Merah segar rebus,nutrition1_indonesia,AVAILABLE
633,Kacang merah tua kering,Kacang merah tua kering,nutrition1_indonesia,AVAILABLE
634,Kacang mete/biji jambu monyet goreng,Kacang mete/biji jambu monyet goreng,nutrition1_indonesia,AVAILABLE
635,Kacang mete/biji jambu monyet segar,Kacang mete/biji jambu monyet segar,nutrition1_indonesia,AVAILABLE
636,Kacang negara,Kacang negara,nutrition1_indonesia,AVAILABLE
637,Kacang Panjang,Kacang Panjang,nutrition1_indonesia,AVAILABLE
638,Kacang Panjang biji,Kacang Panjang biji,nutrition1_indonesia,AVAILABLE
639,Kacang Panjang kukus,Kacang Panjang kukus,nutrition1_indonesia,AVAILABLE
640,Kacang Panjang tumis,Kacang Panjang tumis,nutrition1_indonesia,AVAILABLE
641,Kacang ranti polong,Kacang ranti polong,nutrition1_indonesia,AVAILABLE
642,Kacang sukro,Kacang sukro,nutrition1_indonesia,AVAILABLE
643,Kacang Sukro Putih,Kacang Sukro Putih,nutrition1_indonesia,AVAILABLE
644,Kacang Tanah atom,Kacang Tanah atom,nutrition1_indonesia,AVAILABLE
645,Kacang tanah goreng,Kacang tanah goreng,nutrition1_indonesia,AVAILABLE
646,Kacang Tanah kacang sari,Kacang Tanah kacang sari,nutrition1_indonesia,AVAILABLE
647,Kacang tanah kering,Kacang tanah kering,nutrition1_indonesia,AVAILABLE
648,Kacang Tanah Rebus,Kacang Tanah Rebus,nutrition1_indonesia,AVAILABLE
649,Kacang Tanah rebus berkulit,Kacang Tanah rebus berkulit,nutrition1_indonesia,AVAILABLE
650,Kacang Tanah rempeyek,Kacang Tanah rempeyek,nutrition1_indonesia,AVAILABLE
651,Kacang Tanah sangan berselaput,Kacang Tanah sangan berselaput,nutrition1_indonesia,AVAILABLE
652,Kacang tanah sangan tanpa selaput,Kacang tanah sangan tanpa selaput,nutrition1_indonesia,AVAILABLE
653,Kacang tanah sari,Kacang tanah sari,nutrition1_indonesia,AVAILABLE
654,Kacang Telur,Kacang Telur,nutrition1_indonesia,AVAILABLE
655,Kacang tolo / tunggak kering,Kacang tolo / tunggak kering,nutrition1_indonesia,AVAILABLE
656,Kacang tolo rebus,Kacang tolo rebus,nutrition1_indonesia,AVAILABLE
657,Kacang Tunggak (tolo),Kacang Tunggak (tolo),nutrition1_indonesia,AVAILABLE
658,Kacang Tunggak rebus,Kacang Tunggak rebus,nutrition1_indonesia,AVAILABLE
659,Kacang Tunggak rempeyek,Kacang Tunggak rempeyek,nutrition1_indonesia,AVAILABLE
660,Kacang tunis kering,Kacang tunis kering,nutrition1_indonesia,AVAILABLE
661,Kacang uci kering,Kacang uci kering,nutrition1_indonesia,AVAILABLE
662,Kacang urei kering,Kacang urei kering,nutrition1_indonesia,AVAILABLE
663,Kadada katembe,Kadada katembe,nutrition1_indonesia,AVAILABLE
664,Kaholeo masakan,Kaholeo masakan,nutrition1_indonesia,AVAILABLE
665,Kakap,Kakap,nutrition1_indonesia,AVAILABLE
666,Kalakai,Kalakai,nutrition1_indonesia,AVAILABLE
667,Kalio jeroan masakan,Kalio jeroan masakan,nutrition1_indonesia,AVAILABLE
668,Kalio kikil (tunjang) masakan,Kalio kikil (tunjang) masakan,nutrition1_indonesia,AVAILABLE
669,Kalio otak masakan,Kalio otak masakan,nutrition1_indonesia,AVAILABLE
670,Kalio telur masakan,Kalio telur masakan,nutrition1_indonesia,AVAILABLE
671,Kambing daging segar,Kambing daging segar,nutrition1_indonesia,AVAILABLE
672,Kambose,Kambose,nutrition1_indonesia,AVAILABLE
673,Kangkung,Kangkung,nutrition1_indonesia,AVAILABLE
674,Kangkung kukus,Kangkung kukus,nutrition1_indonesia,AVAILABLE
675,Kangkung rebus,Kangkung rebus,nutrition1_indonesia,AVAILABLE
676,Kangkung tondano,Kangkung tondano,nutrition1_indonesia,AVAILABLE
677,Kangkung tumis,Kangkung tumis,nutrition1_indonesia,AVAILABLE
678,Kaparende sayur,Kaparende sayur,nutrition1_indonesia,AVAILABLE
679,Kapri Muda,Kapri Muda,nutrition1_indonesia,AVAILABLE
680,Kapurung,Kapurung,nutrition1_indonesia,AVAILABLE
681,Kapusa,Kapusa,nutrition1_indonesia,AVAILABLE
682,Karawila,Karawila,nutrition1_indonesia,AVAILABLE
683,Karedok,Karedok,nutrition1_indonesia,AVAILABLE
684,Karedok sayur,Karedok sayur,nutrition1_indonesia,AVAILABLE
685,Karoket,Karoket,nutrition1_indonesia,AVAILABLE
686,Katak,Katak,nutrition1_indonesia,AVAILABLE
687,Katul Beras,Katul Beras,nutrition1_indonesia,AVAILABLE
688,Katul Jagung,Katul Jagung,nutrition1_indonesia,AVAILABLE
689,Kawista segar,Kawista segar,nutrition1_indonesia,AVAILABLE
690,Kecap,Kecap,nutrition1_indonesia,AVAILABLE
691,Kecimpring singkong goreng,Kecimpring singkong goreng,nutrition1_indonesia,AVAILABLE
692,Kecipir biji,Kecipir biji,nutrition1_indonesia,AVAILABLE
693,Kecipir buah muda,Kecipir buah muda,nutrition1_indonesia,AVAILABLE
694,Kecipir muda segar,Kecipir muda segar,nutrition1_indonesia,AVAILABLE
695,Kecombrang segar,Kecombrang segar,nutrition1_indonesia,AVAILABLE
696,Kedondong segar,Kedondong segar,nutrition1_indonesia,AVAILABLE
697,Keju,Keju,nutrition1_indonesia,AVAILABLE
698,Keju Kacang Tanah,Keju Kacang Tanah,nutrition1_indonesia,AVAILABLE
699,Kelapa hutan kering,Kelapa hutan kering,nutrition1_indonesia,AVAILABLE
700,Kelapa Muda air,Kelapa Muda air,nutrition1_indonesia,AVAILABLE
701,Kelapa Muda daging,Kelapa Muda daging,nutrition1_indonesia,AVAILABLE
702,Kelapa Setengah Tua daging,Kelapa Setengah Tua daging,nutrition1_indonesia,AVAILABLE
703,Kelapa Tua daging,Kelapa Tua daging,nutrition1_indonesia,AVAILABLE
704,Kelepon,Kelepon,nutrition1_indonesia,AVAILABLE
705,Kelewih,Kelewih,nutrition1_indonesia,AVAILABLE
706,Kelinci daging segar,Kelinci daging segar,nutrition1_indonesia,AVAILABLE
707,Kemang,Kemang,nutrition1_indonesia,AVAILABLE
708,Kembang tahu,Kembang tahu,nutrition1_indonesia,AVAILABLE
709,Kembang Turi,Kembang Turi,nutrition1_indonesia,AVAILABLE
710,Kemiri,Kemiri,nutrition1_indonesia,AVAILABLE
711,Kenari,Kenari,nutrition1_indonesia,AVAILABLE
712,Kenari banda kering,Kenari banda kering,nutrition1_indonesia,AVAILABLE
713,Kentang,Kentang,nutrition1_indonesia,AVAILABLE
714,Kentang Hitam,Kentang Hitam,nutrition1_indonesia,AVAILABLE
715,Keong,Keong,nutrition1_indonesia,AVAILABLE
716,Kepala Susu (Krim),Kepala Susu (Krim),nutrition1_indonesia,AVAILABLE
717,Kepiting,Kepiting,nutrition1_indonesia,AVAILABLE
718,Kerang,Kerang,nutrition1_indonesia,AVAILABLE
719,Kerang asap mentah,Kerang asap mentah,nutrition1_indonesia,AVAILABLE
720,Kerang dendeng mentah,Kerang dendeng mentah,nutrition1_indonesia,AVAILABLE
721,Kerbau daging segar,Kerbau daging segar,nutrition1_indonesia,AVAILABLE
722,Keremes,Keremes,nutrition1_indonesia,AVAILABLE
723,Keribang ubi segar,Keribang ubi segar,nutrition1_indonesia,AVAILABLE
724,Keripik bayam,Keripik bayam,nutrition1_indonesia,AVAILABLE
725,Keripik gadung,Keripik gadung,nutrition1_indonesia,AVAILABLE
726,Keripik kentang,Keripik kentang,nutrition1_indonesia,AVAILABLE
727,Keripik lampung,Keripik lampung,nutrition1_indonesia,AVAILABLE
728,Keripik oncom,Keripik oncom,nutrition1_indonesia,AVAILABLE
729,Keripik singkong,Keripik singkong,nutrition1_indonesia,AVAILABLE
730,Keripik singkong berbumbu,Keripik singkong berbumbu,nutrition1_indonesia,AVAILABLE
731,Keripik tempe,Keripik tempe,nutrition1_indonesia,AVAILABLE
732,Keripik tempe abadi murni,Keripik tempe abadi murni,nutrition1_indonesia,AVAILABLE
733,Keripik tempe abadi sedang,Keripik tempe abadi sedang,nutrition1_indonesia,AVAILABLE
734,Keripik tempe abadi telur,Keripik tempe abadi telur,nutrition1_indonesia,AVAILABLE
735,Keripik ubi,Keripik ubi,nutrition1_indonesia,AVAILABLE
736,Kerokot segar,Kerokot segar,nutrition1_indonesia,AVAILABLE
737,Kerupuk Aci,Kerupuk Aci,nutrition1_indonesia,AVAILABLE
738,Kerupuk cumi goreng,Kerupuk cumi goreng,nutrition1_indonesia,AVAILABLE
739,Kerupuk Ikan berpati,Kerupuk Ikan berpati,nutrition1_indonesia,AVAILABLE
740,Kerupuk kemplang  (ikan) mentah,Kerupuk kemplang  (ikan) mentah,nutrition1_indonesia,AVAILABLE
741,Kerupuk kemplang goreng,Kerupuk kemplang goreng,nutrition1_indonesia,AVAILABLE
742,Kerupuk kemplang panggang,Kerupuk kemplang panggang,nutrition1_indonesia,AVAILABLE
743,Kerupuk Kulit kerbau,Kerupuk Kulit kerbau,nutrition1_indonesia,AVAILABLE
744,Kerupuk Melinjo mentah,Kerupuk Melinjo mentah,nutrition1_indonesia,AVAILABLE
745,Kerupuk Melinjo tebal goreng asin,Kerupuk Melinjo tebal goreng asin,nutrition1_indonesia,AVAILABLE
746,Kerupuk Melinjo tebal goreng manis,Kerupuk Melinjo tebal goreng manis,nutrition1_indonesia,AVAILABLE
747,Kerupuk Melinjo tipis goreng,Kerupuk Melinjo tipis goreng,nutrition1_indonesia,AVAILABLE
748,Kerupuk mie kuning goreng,Kerupuk mie kuning goreng,nutrition1_indonesia,AVAILABLE
749,Kerupuk Sayong,Kerupuk Sayong,nutrition1_indonesia,AVAILABLE
750,Kerupuk Udang,Kerupuk Udang,nutrition1_indonesia,AVAILABLE
751,Kerupuk Udang berpati,Kerupuk Udang berpati,nutrition1_indonesia,AVAILABLE
752,Kerupuk udang goreng,Kerupuk udang goreng,nutrition1_indonesia,AVAILABLE
753,Kerupuk urat,Kerupuk urat,nutrition1_indonesia,AVAILABLE
754,Kesemek,Kesemek,nutrition1_indonesia,AVAILABLE
755,Ketan hitam matang,Ketan hitam matang,nutrition1_indonesia,AVAILABLE
756,Ketan putih matang,Ketan putih matang,nutrition1_indonesia,AVAILABLE
757,Ketapang,Ketapang,nutrition1_indonesia,AVAILABLE
758,Ketela Pohon Kuning,Ketela Pohon Kuning,nutrition1_indonesia,AVAILABLE
759,Ketela singkong segar,Ketela singkong segar,nutrition1_indonesia,AVAILABLE
760,Ketela pohon/singkong kukus,Ketela pohon/singkong kukus,nutrition1_indonesia,AVAILABLE
761,Ketimun,Ketimun,nutrition1_indonesia,AVAILABLE
762,Ketimun madura segar,Ketimun madura segar,nutrition1_indonesia,AVAILABLE
763,Ketoprak,Ketoprak,nutrition1_indonesia,AVAILABLE
764,Ketumbar,Ketumbar,nutrition1_indonesia,AVAILABLE
765,Ketupat ketan,Ketupat ketan,nutrition1_indonesia,AVAILABLE
766,Ketupat Tahu,Ketupat Tahu,nutrition1_indonesia,AVAILABLE
767,Kluwek,Kluwek,nutrition1_indonesia,AVAILABLE
768,Kodok segar,Kodok segar,nutrition1_indonesia,AVAILABLE
769,Kokosan,Kokosan,nutrition1_indonesia,AVAILABLE
770,Komak polong segar,Komak polong segar,nutrition1_indonesia,AVAILABLE
771,Kool Kembang,Kool Kembang,nutrition1_indonesia,AVAILABLE
772,Kool Merah kool putih,Kool Merah kool putih,nutrition1_indonesia,AVAILABLE
773,Kopi bagian yang larut,Kopi bagian yang larut,nutrition1_indonesia,AVAILABLE
774,Kopi bubuk instant,Kopi bubuk instant,nutrition1_indonesia,AVAILABLE
775,Koro andong kering,Koro andong kering,nutrition1_indonesia,AVAILABLE
776,Koro Benguk biji,Koro Benguk biji,nutrition1_indonesia,AVAILABLE
777,Koro Benguk tempe,Koro Benguk tempe,nutrition1_indonesia,AVAILABLE
778,Koro Kerupuk biji,Koro Kerupuk biji,nutrition1_indonesia,AVAILABLE
779,Koro Loke biji,Koro Loke biji,nutrition1_indonesia,AVAILABLE
780,Koro Roway biji,Koro Roway biji,nutrition1_indonesia,AVAILABLE
781,Koro Wedus biji,Koro Wedus biji,nutrition1_indonesia,AVAILABLE
782,Koro Wedus buah muda,Koro Wedus buah muda,nutrition1_indonesia,AVAILABLE
783,Koro wedus polong,Koro wedus polong,nutrition1_indonesia,AVAILABLE
784,Kotiu hinela tawang nggole,Kotiu hinela tawang nggole,nutrition1_indonesia,AVAILABLE
785,Koya,Koya,nutrition1_indonesia,AVAILABLE
786,Koya mirasa,Koya mirasa,nutrition1_indonesia,AVAILABLE
787,Kranji segar,Kranji segar,nutrition1_indonesia,AVAILABLE
788,Kripik Tempe Goreng,Kripik Tempe Goreng,nutrition1_indonesia,AVAILABLE
789,Krokot,Krokot,nutrition1_indonesia,AVAILABLE
790,Kucai,Kucai,nutrition1_indonesia,AVAILABLE
791,Kucai Muda (Lokio),Kucai Muda (Lokio),nutrition1_indonesia,AVAILABLE
792,Kuda daging segar,Kuda daging segar,nutrition1_indonesia,AVAILABLE
793,Kue ali,Kue ali,nutrition1_indonesia,AVAILABLE
794,Kue Apem,Kue Apem,nutrition1_indonesia,AVAILABLE
795,Kue bangket,Kue bangket,nutrition1_indonesia,AVAILABLE
796,Kue Bugis,Kue Bugis,nutrition1_indonesia,AVAILABLE
797,Kue jahe,Kue jahe,nutrition1_indonesia,AVAILABLE
798,Kue kelapa,Kue kelapa,nutrition1_indonesia,AVAILABLE
799,Kue Koya,Kue Koya,nutrition1_indonesia,AVAILABLE
800,Kue lumpur,Kue lumpur,nutrition1_indonesia,AVAILABLE
801,Kue mangkok,Kue mangkok,nutrition1_indonesia,AVAILABLE
802,Kue Pacar Cina,Kue Pacar Cina,nutrition1_indonesia,AVAILABLE
803,Kue Pia,Kue Pia,nutrition1_indonesia,AVAILABLE
804,Kue putu cangkir,Kue putu cangkir,nutrition1_indonesia,AVAILABLE
805,Kue putu singkong,Kue putu singkong,nutrition1_indonesia,AVAILABLE
806,Kue Satu,Kue Satu,nutrition1_indonesia,AVAILABLE
807,Kue Semprong,Kue Semprong,nutrition1_indonesia,AVAILABLE
808,Kue sus,Kue sus,nutrition1_indonesia,AVAILABLE
809,Kue Talam,Kue Talam,nutrition1_indonesia,AVAILABLE
810,Kue Tambang,Kue Tambang,nutrition1_indonesia,AVAILABLE
811,Kue thipan,Kue thipan,nutrition1_indonesia,AVAILABLE
812,Kulit melinjo,Kulit melinjo,nutrition1_indonesia,AVAILABLE
813,Kundur segar,Kundur segar,nutrition1_indonesia,AVAILABLE
814,Kunyit,Kunyit,nutrition1_indonesia,AVAILABLE
815,Kura-kura,Kura-kura,nutrition1_indonesia,AVAILABLE
816,Kwaci,Kwaci,nutrition1_indonesia,AVAILABLE
817,Kwark (Quark),Kwark (Quark),nutrition1_indonesia,AVAILABLE
818,Labu Air,Labu Air,nutrition1_indonesia,AVAILABLE
819,Labu kuning segar,Labu kuning segar,nutrition1_indonesia,AVAILABLE
820,Labu Siam,Labu Siam,nutrition1_indonesia,AVAILABLE
821,Labu waluh segar,Labu waluh segar,nutrition1_indonesia,AVAILABLE
822,Laksa,Laksa,nutrition1_indonesia,AVAILABLE
823,Lamtoro (pete cina) biji muda,Lamtoro (pete cina) biji muda,nutrition1_indonesia,AVAILABLE
824,Lamtoro biji tua,Lamtoro biji tua,nutrition1_indonesia,AVAILABLE
825,Lamtoro tempe,Lamtoro tempe,nutrition1_indonesia,AVAILABLE
826,Lamtoro var. gung tanpa kulit,Lamtoro var. gung tanpa kulit,nutrition1_indonesia,AVAILABLE
827,Lamtoro var. lokal dengan kulit,Lamtoro var. lokal dengan kulit,nutrition1_indonesia,AVAILABLE
828,Langsat,Langsat,nutrition1_indonesia,AVAILABLE
829,Lantar segar,Lantar segar,nutrition1_indonesia,AVAILABLE
830,Lanting getuk,Lanting getuk,nutrition1_indonesia,AVAILABLE
831,Lapis legit,Lapis legit,nutrition1_indonesia,AVAILABLE
832,Lawar babi masakan,Lawar babi masakan,nutrition1_indonesia,AVAILABLE
833,Lawar penyu masakan,Lawar penyu masakan,nutrition1_indonesia,AVAILABLE
834,Lawara jangang masakan,Lawara jangang masakan,nutrition1_indonesia,AVAILABLE
835,Lawara penjah masakan,Lawara penjah masakan,nutrition1_indonesia,AVAILABLE
836,Ledre pisang,Ledre pisang,nutrition1_indonesia,AVAILABLE
837,Lema/ Rebung asam,Lema/ Rebung asam,nutrition1_indonesia,AVAILABLE
838,Lemak Babi,Lemak Babi,nutrition1_indonesia,AVAILABLE
839,Lemak Babi (Bacon),Lemak Babi (Bacon),nutrition1_indonesia,AVAILABLE
840,Lemak ikan,Lemak ikan,nutrition1_indonesia,AVAILABLE
841,Lemak Kerbau,Lemak Kerbau,nutrition1_indonesia,AVAILABLE
842,Lemon segar,Lemon segar,nutrition1_indonesia,AVAILABLE
843,Lemon Squasih,Lemon Squasih,nutrition1_indonesia,AVAILABLE
844,Lemonade,Lemonade,nutrition1_indonesia,AVAILABLE
845,Lemper,Lemper,nutrition1_indonesia,AVAILABLE
846,Lempog durian,Lempog durian,nutrition1_indonesia,AVAILABLE
847,Lepok/Ubi rumput,Lepok/Ubi rumput,nutrition1_indonesia,AVAILABLE
848,Leunca buah,Leunca buah,nutrition1_indonesia,AVAILABLE
849,Leupeut Ketan,Leupeut Ketan,nutrition1_indonesia,AVAILABLE
850,Leverwost (sosis hati),Leverwost (sosis hati),nutrition1_indonesia,AVAILABLE
851,Lilin bungkus gedi,Lilin bungkus gedi,nutrition1_indonesia,AVAILABLE
852,Lobak,Lobak,nutrition1_indonesia,AVAILABLE
853,Lokan segar,Lokan segar,nutrition1_indonesia,AVAILABLE
854,Lontar segar,Lontar segar,nutrition1_indonesia,AVAILABLE
855,Lopis,Lopis,nutrition1_indonesia,AVAILABLE
856,Lumai/Leunca segar,Lumai/Leunca segar,nutrition1_indonesia,AVAILABLE
857,Lupis ketan,Lupis ketan,nutrition1_indonesia,AVAILABLE
858,Madu,Madu,nutrition1_indonesia,AVAILABLE
859,Maizena tepung,Maizena tepung,nutrition1_indonesia,AVAILABLE
860,Makaroni,Makaroni,nutrition1_indonesia,AVAILABLE
861,Mangga benggala segar,Mangga benggala segar,nutrition1_indonesia,AVAILABLE
862,Mangga Gedong,Mangga Gedong,nutrition1_indonesia,AVAILABLE
863,Mangga Golek,Mangga Golek,nutrition1_indonesia,AVAILABLE
864,Mangga Harum Manis,Mangga Harum Manis,nutrition1_indonesia,AVAILABLE
865,Mangga Indramayu,Mangga Indramayu,nutrition1_indonesia,AVAILABLE
866,Mangga Kopek,Mangga Kopek,nutrition1_indonesia,AVAILABLE
867,Mangga kwini segar,Mangga kwini segar,nutrition1_indonesia,AVAILABLE
868,Mangga manalagi segar,Mangga manalagi segar,nutrition1_indonesia,AVAILABLE
869,Mangga Muda,Mangga Muda,nutrition1_indonesia,AVAILABLE
870,Mangga segar,Mangga segar,nutrition1_indonesia,AVAILABLE
871,Manggis,Manggis,nutrition1_indonesia,AVAILABLE
872,Margarin,Margarin,nutrition1_indonesia,AVAILABLE
873,Markisa segar,Markisa segar,nutrition1_indonesia,AVAILABLE
874,Markisa squash,Markisa squash,nutrition1_indonesia,AVAILABLE
875,Markisa squash BD,Markisa squash BD,nutrition1_indonesia,AVAILABLE
876,Martabak  manis,Martabak  manis,nutrition1_indonesia,AVAILABLE
877,Martabak india,Martabak india,nutrition1_indonesia,AVAILABLE
878,Martabak mesir,Martabak mesir,nutrition1_indonesia,AVAILABLE
879,Martabak Telur,Martabak Telur,nutrition1_indonesia,AVAILABLE
880,Masekat,Masekat,nutrition1_indonesia,AVAILABLE
881,Matoa segar,Matoa segar,nutrition1_indonesia,AVAILABLE
882,Melase,Melase,nutrition1_indonesia,AVAILABLE
883,Melinjo,Melinjo,nutrition1_indonesia,AVAILABLE
884,Melon segar,Melon segar,nutrition1_indonesia,AVAILABLE
885,Menjangan daging dendeng mentah,Menjangan daging dendeng mentah,nutrition1_indonesia,AVAILABLE
886,Mentega,Mentega,nutrition1_indonesia,AVAILABLE
887,Menteng,Menteng,nutrition1_indonesia,AVAILABLE
888,Merica,Merica,nutrition1_indonesia,AVAILABLE
889,Mi basah,Mi basah,nutrition1_indonesia,AVAILABLE
890,Mi golosor,Mi golosor,nutrition1_indonesia,AVAILABLE
891,Mi kering,Mi kering,nutrition1_indonesia,AVAILABLE
892,Mie aceh rebus,Mie aceh rebus,nutrition1_indonesia,AVAILABLE
893,Mie ayam,Mie ayam,nutrition1_indonesia,AVAILABLE
894,Mie bakso,Mie bakso,nutrition1_indonesia,AVAILABLE
895,Mie basah,Mie basah,nutrition1_indonesia,AVAILABLE
896,Mie Bendo,Mie Bendo,nutrition1_indonesia,AVAILABLE
897,Mie celon,Mie celon,nutrition1_indonesia,AVAILABLE
898,Mie Goreng,Mie Goreng,nutrition1_indonesia,AVAILABLE
899,Mie kering,Mie kering,nutrition1_indonesia,AVAILABLE
900,Mie pangsit basah,Mie pangsit basah,nutrition1_indonesia,AVAILABLE
901,Mie Sagu,Mie Sagu,nutrition1_indonesia,AVAILABLE
902,Minyak Hati Hiu (Eulamia),Minyak Hati Hiu (Eulamia),nutrition1_indonesia,AVAILABLE
903,Minyak Ikan,Minyak Ikan,nutrition1_indonesia,AVAILABLE
904,Minyak Kacang Tanah,Minyak Kacang Tanah,nutrition1_indonesia,AVAILABLE
905,Minyak kedelai,Minyak kedelai,nutrition1_indonesia,AVAILABLE
906,Minyak Kelapa,Minyak Kelapa,nutrition1_indonesia,AVAILABLE
907,Minyak Kelapa Sawit,Minyak Kelapa Sawit,nutrition1_indonesia,AVAILABLE
908,Minyak Wijen,Minyak Wijen,nutrition1_indonesia,AVAILABLE
909,Minyak Zaitun,Minyak Zaitun,nutrition1_indonesia,AVAILABLE
910,Misoa,Misoa,nutrition1_indonesia,AVAILABLE
911,Misro,Misro,nutrition1_indonesia,AVAILABLE
912,Moon tahu,Moon tahu,nutrition1_indonesia,AVAILABLE
913,Mostarda metan -sawi,Mostarda metan -sawi,nutrition1_indonesia,AVAILABLE
914,Mujahir acar kuning masakan,Mujahir acar kuning masakan,nutrition1_indonesia,AVAILABLE
915,Naan maran sapi masakan,Naan maran sapi masakan,nutrition1_indonesia,AVAILABLE
916,Nanas,Nanas,nutrition1_indonesia,AVAILABLE
917,Nanas palembang segar,Nanas palembang segar,nutrition1_indonesia,AVAILABLE
918,Nangka biji,Nangka biji,nutrition1_indonesia,AVAILABLE
919,Nangka masak di pohon,Nangka masak di pohon,nutrition1_indonesia,AVAILABLE
920,Nangka Muda,Nangka Muda,nutrition1_indonesia,AVAILABLE
921,Nasi,Nasi,nutrition1_indonesia,AVAILABLE
922,Nasi beras merah,Nasi beras merah,nutrition1_indonesia,AVAILABLE
923,Nasi gemuk,Nasi gemuk,nutrition1_indonesia,AVAILABLE
924,Nasi Goreng,Nasi Goreng,nutrition1_indonesia,AVAILABLE
925,Nasi gurih,Nasi gurih,nutrition1_indonesia,AVAILABLE
926,Nasi jagung,Nasi jagung,nutrition1_indonesia,AVAILABLE
927,Nasi minyak,Nasi minyak,nutrition1_indonesia,AVAILABLE
928,Nasi rames,Nasi rames,nutrition1_indonesia,AVAILABLE
929,Nasi tim,Nasi tim,nutrition1_indonesia,AVAILABLE
930,Nasi Uduk,Nasi Uduk,nutrition1_indonesia,AVAILABLE
931,Nasu likku masakan,Nasu likku masakan,nutrition1_indonesia,AVAILABLE
932,Noga Kacang Tanah,Noga Kacang Tanah,nutrition1_indonesia,AVAILABLE
933,Nopia spesial,Nopia spesial,nutrition1_indonesia,AVAILABLE
934,Olah-olah,Olah-olah,nutrition1_indonesia,AVAILABLE
935,Oncom,Oncom,nutrition1_indonesia,AVAILABLE
936,Oncom ampas kacang hijau,Oncom ampas kacang hijau,nutrition1_indonesia,AVAILABLE
937,Oncom Goreng,Oncom Goreng,nutrition1_indonesia,AVAILABLE
938,Oncom Hitam Goreng,Oncom Hitam Goreng,nutrition1_indonesia,AVAILABLE
939,Oncom Hitam Goreng bertepung,Oncom Hitam Goreng bertepung,nutrition1_indonesia,AVAILABLE
940,Oncom kacang hijau + singkong,Oncom kacang hijau + singkong,nutrition1_indonesia,AVAILABLE
941,Oncom Kacang Tanah pepes,Oncom Kacang Tanah pepes,nutrition1_indonesia,AVAILABLE
942,Oncom Kedele,Oncom Kedele,nutrition1_indonesia,AVAILABLE
943,Oncom Merah Goreng,Oncom Merah Goreng,nutrition1_indonesia,AVAILABLE
944,Oncom Merah Goreng bertepung,Oncom Merah Goreng bertepung,nutrition1_indonesia,AVAILABLE
945,Oncom Merah Sayur (tumis),Oncom Merah Sayur (tumis),nutrition1_indonesia,AVAILABLE
946,Oncom pepes,Oncom pepes,nutrition1_indonesia,AVAILABLE
947,Onde-onde,Onde-onde,nutrition1_indonesia,AVAILABLE
948,Ongol-ongol,Ongol-ongol,nutrition1_indonesia,AVAILABLE
949,Ongol-ongol sagu,Ongol-ongol sagu,nutrition1_indonesia,AVAILABLE
950,Opak Singkong,Opak Singkong,nutrition1_indonesia,AVAILABLE
951,Oramu ninahu ndawa olaho masakan,Oramu ninahu ndawa olaho masakan,nutrition1_indonesia,AVAILABLE
952,Otak,Otak,nutrition1_indonesia,AVAILABLE
953,Oyek,Oyek,nutrition1_indonesia,AVAILABLE
954,Oyek (dari singkong),Oyek (dari singkong),nutrition1_indonesia,AVAILABLE
955,Paku hinela wulelenggapaya,Paku hinela wulelenggapaya,nutrition1_indonesia,AVAILABLE
956,Pala biji,Pala biji,nutrition1_indonesia,AVAILABLE
957,Pala daging,Pala daging,nutrition1_indonesia,AVAILABLE
958,Paniki masak santan masakan,Paniki masak santan masakan,nutrition1_indonesia,AVAILABLE
959,Papais,Papais,nutrition1_indonesia,AVAILABLE
960,Papeda,Papeda,nutrition1_indonesia,AVAILABLE
961,Parede baleh masakan,Parede baleh masakan,nutrition1_indonesia,AVAILABLE
962,Paria (Pare),Paria (Pare),nutrition1_indonesia,AVAILABLE
963,Paria Putih kukus,Paria Putih kukus,nutrition1_indonesia,AVAILABLE
964,Paria putih segar,Paria putih segar,nutrition1_indonesia,AVAILABLE
965,Pastel,Pastel,nutrition1_indonesia,AVAILABLE
966,Pati Singkong (tapioka),Pati Singkong (tapioka),nutrition1_indonesia,AVAILABLE
967,Pe-Cay,Pe-Cay,nutrition1_indonesia,AVAILABLE
968,Peda Ikan Banjar,Peda Ikan Banjar,nutrition1_indonesia,AVAILABLE
969,Pelecing kangkung,Pelecing kangkung,nutrition1_indonesia,AVAILABLE
970,Pelepah manuk masakan,Pelepah manuk masakan,nutrition1_indonesia,AVAILABLE
971,Pempek adaan,Pempek adaan,nutrition1_indonesia,AVAILABLE
972,Pempek belida,Pempek belida,nutrition1_indonesia,AVAILABLE
973,Pempek kapal selam,Pempek kapal selam,nutrition1_indonesia,AVAILABLE
974,Pempek kelesan,Pempek kelesan,nutrition1_indonesia,AVAILABLE
975,Pempek kulit,Pempek kulit,nutrition1_indonesia,AVAILABLE
976,Pempek tenggiri,Pempek tenggiri,nutrition1_indonesia,AVAILABLE
977,Pencok lele masakan,Pencok lele masakan,nutrition1_indonesia,AVAILABLE
978,Penyu serapah masakan,Penyu serapah masakan,nutrition1_indonesia,AVAILABLE
979,Pepare ular segar,Pepare ular segar,nutrition1_indonesia,AVAILABLE
980,Pepaya lodeh,Pepaya lodeh,nutrition1_indonesia,AVAILABLE
981,Pepaya Muda,Pepaya Muda,nutrition1_indonesia,AVAILABLE
982,Pepaya segar,Pepaya segar,nutrition1_indonesia,AVAILABLE
983,Pepea oncom ampas tahu,Pepea oncom ampas tahu,nutrition1_indonesia,AVAILABLE
984,Permen,Permen,nutrition1_indonesia,AVAILABLE
985,Pete Segar,Pete Segar,nutrition1_indonesia,AVAILABLE
986,Peterseli,Peterseli,nutrition1_indonesia,AVAILABLE
987,Petis Ikan,Petis Ikan,nutrition1_indonesia,AVAILABLE
988,Petis Udang,Petis Udang,nutrition1_indonesia,AVAILABLE
989,Petis udang kering,Petis udang kering,nutrition1_indonesia,AVAILABLE
990,Petis udang pasta,Petis udang pasta,nutrition1_indonesia,AVAILABLE
991,Pilus,Pilus,nutrition1_indonesia,AVAILABLE
992,Pinda masakan,Pinda masakan,nutrition1_indonesia,AVAILABLE
993,Pindang Ikan Banjar,Pindang Ikan Banjar,nutrition1_indonesia,AVAILABLE
994,Pindang Ikan Benggol,Pindang Ikan Benggol,nutrition1_indonesia,AVAILABLE
995,Pindang Ikan Layang,Pindang Ikan Layang,nutrition1_indonesia,AVAILABLE
996,Pindang Ikan Selar Kecil,Pindang Ikan Selar Kecil,nutrition1_indonesia,AVAILABLE
997,Pindang kenari masakan,Pindang kenari masakan,nutrition1_indonesia,AVAILABLE
998,Pisang Ambon,Pisang Ambon,nutrition1_indonesia,AVAILABLE
999,Pisang angleng (pisang ampyang) segar,Pisang angleng (pisang ampyang) segar,nutrition1_indonesia,AVAILABLE
1000,Pisang ayam segar,Pisang ayam segar,nutrition1_indonesia,AVAILABLE
1001,Pisang gapi segar,Pisang gapi segar,nutrition1_indonesia,AVAILABLE
1002,Pisang Goreng,Pisang Goreng,nutrition1_indonesia,AVAILABLE
1003,Pisang goroho segar,Pisang goroho segar,nutrition1_indonesia,AVAILABLE
1004,Pisang hijau segar,Pisang hijau segar,nutrition1_indonesia,AVAILABLE
1005,Pisang kayu segar,Pisang kayu segar,nutrition1_indonesia,AVAILABLE
1006,Pisang kepok segar,Pisang kepok segar,nutrition1_indonesia,AVAILABLE
1007,Pisang ketip segar,Pisang ketip segar,nutrition1_indonesia,AVAILABLE
1008,Pisang kidang segar,Pisang kidang segar,nutrition1_indonesia,AVAILABLE
1009,Pisang Lampung,Pisang Lampung,nutrition1_indonesia,AVAILABLE
1010,Pisang Mas,Pisang Mas,nutrition1_indonesia,AVAILABLE
1011,Pisang mas bali,Pisang mas bali,nutrition1_indonesia,AVAILABLE
1012,Pisang Oli,Pisang Oli,nutrition1_indonesia,AVAILABLE
1013,Pisang Raja,Pisang Raja,nutrition1_indonesia,AVAILABLE
1014,Pisang Raja Sere (Susu),Pisang Raja Sere (Susu),nutrition1_indonesia,AVAILABLE
1015,Pisang rotan segar,Pisang rotan segar,nutrition1_indonesia,AVAILABLE
1016,Pisang Siam goreng,Pisang Siam goreng,nutrition1_indonesia,AVAILABLE
1017,Pisang talas segar,Pisang talas segar,nutrition1_indonesia,AVAILABLE
1018,Prey (bawang daun),Prey (bawang daun),nutrition1_indonesia,AVAILABLE
1019,Pucuk lumai/daun leunca segar,Pucuk lumai/daun leunca segar,nutrition1_indonesia,AVAILABLE
1020,Pulut,Pulut,nutrition1_indonesia,AVAILABLE
1021,Punai daging goreng,Punai daging goreng,nutrition1_indonesia,AVAILABLE
1022,Pundut nasi,Pundut nasi,nutrition1_indonesia,AVAILABLE
1023,Purundawa,Purundawa,nutrition1_indonesia,AVAILABLE
1024,Purut segar,Purut segar,nutrition1_indonesia,AVAILABLE
1025,Putri malu segar,Putri malu segar,nutrition1_indonesia,AVAILABLE
1026,Putri selat,Putri selat,nutrition1_indonesia,AVAILABLE
1027,Putu Mayang,Putu Mayang,nutrition1_indonesia,AVAILABLE
1028,Ragi,Ragi,nutrition1_indonesia,AVAILABLE
1029,Rajungan segar,Rajungan segar,nutrition1_indonesia,AVAILABLE
1030,Rambutan,Rambutan,nutrition1_indonesia,AVAILABLE
1031,Rambutan Aceh,Rambutan Aceh,nutrition1_indonesia,AVAILABLE
1032,Rambutan binjai segar,Rambutan binjai segar,nutrition1_indonesia,AVAILABLE
1033,Rambutan sinyonya,Rambutan sinyonya,nutrition1_indonesia,AVAILABLE
1034,Rarawuan,Rarawuan,nutrition1_indonesia,AVAILABLE
1035,Rasbi (Beras Ubi),Rasbi (Beras Ubi),nutrition1_indonesia,AVAILABLE
1036,Rasi (Beras Singkong),Rasi (Beras Singkong),nutrition1_indonesia,AVAILABLE
1037,Rawon masakan,Rawon masakan,nutrition1_indonesia,AVAILABLE
1038,Rebon (udang kecil segar),Rebon (udang kecil segar),nutrition1_indonesia,AVAILABLE
1039,Rebon kering,Rebon kering,nutrition1_indonesia,AVAILABLE
1040,Rebon udang kecil segar,Rebon udang kecil segar,nutrition1_indonesia,AVAILABLE
1041,Rebung,Rebung,nutrition1_indonesia,AVAILABLE
1042,Rebung laut mentah,Rebung laut mentah,nutrition1_indonesia,AVAILABLE
1043,Rempeyek kacang tolo,Rempeyek kacang tolo,nutrition1_indonesia,AVAILABLE
1044,Rempeyek kacang uci,Rempeyek kacang uci,nutrition1_indonesia,AVAILABLE
1045,Rendang sapi masakan,Rendang sapi masakan,nutrition1_indonesia,AVAILABLE
1046,Renggi goreng,Renggi goreng,nutrition1_indonesia,AVAILABLE
1047,Rimbang segar,Rimbang segar,nutrition1_indonesia,AVAILABLE
1048,Risoles,Risoles,nutrition1_indonesia,AVAILABLE
1049,Roti boong,Roti boong,nutrition1_indonesia,AVAILABLE
1050,Roti Gambang,Roti Gambang,nutrition1_indonesia,AVAILABLE
1051,Roti Putih,Roti Putih,nutrition1_indonesia,AVAILABLE
1052,Roti warna sawo matang,Roti warna sawo matang,nutrition1_indonesia,AVAILABLE
1053,Rujak cingur,Rujak cingur,nutrition1_indonesia,AVAILABLE
1054,Rumput laut,Rumput laut,nutrition1_indonesia,AVAILABLE
1055,Rusa daging dendeng mentah,Rusa daging dendeng mentah,nutrition1_indonesia,AVAILABLE
1056,Rusip,Rusip,nutrition1_indonesia,AVAILABLE
1057,RW anjing masakan,RW anjing masakan,nutrition1_indonesia,AVAILABLE
1058,Saga biji tanpa kulit,Saga biji tanpa kulit,nutrition1_indonesia,AVAILABLE
1059,Sagu Ambon,Sagu Ambon,nutrition1_indonesia,AVAILABLE
1060,Sagu aren kering,Sagu aren kering,nutrition1_indonesia,AVAILABLE
1061,Sagu aren segar,Sagu aren segar,nutrition1_indonesia,AVAILABLE
1062,Sagu forno,Sagu forno,nutrition1_indonesia,AVAILABLE
1063,Sagu kasbi segar,Sagu kasbi segar,nutrition1_indonesia,AVAILABLE
1064,Sagu Lemak (Kue Sagon),Sagu Lemak (Kue Sagon),nutrition1_indonesia,AVAILABLE
1065,Sagu lempeng,Sagu lempeng,nutrition1_indonesia,AVAILABLE
1066,Sagu Rendang,Sagu Rendang,nutrition1_indonesia,AVAILABLE
1067,Sagu singkong kering,Sagu singkong kering,nutrition1_indonesia,AVAILABLE
1068,Sagu sinole,Sagu sinole,nutrition1_indonesia,AVAILABLE
1069,Salak bali segar,Salak bali segar,nutrition1_indonesia,AVAILABLE
1070,Salak medan segar,Salak medan segar,nutrition1_indonesia,AVAILABLE
1071,Salak pondoh segar,Salak pondoh segar,nutrition1_indonesia,AVAILABLE
1072,Sale pisang siam,Sale pisang siam,nutrition1_indonesia,AVAILABLE
1073,Santan (dengan air),Santan (dengan air),nutrition1_indonesia,AVAILABLE
1074,Santan (kelapa saja),Santan (kelapa saja),nutrition1_indonesia,AVAILABLE
1075,Santan murni,Santan murni,nutrition1_indonesia,AVAILABLE
1076,Saos Tomat,Saos Tomat,nutrition1_indonesia,AVAILABLE
1077,Sapi abon,Sapi abon,nutrition1_indonesia,AVAILABLE
1078,Sapi babat segar,Sapi babat segar,nutrition1_indonesia,AVAILABLE
1079,Sapi daging asap,Sapi daging asap,nutrition1_indonesia,AVAILABLE
1080,Sapi daging dendeng mentah,Sapi daging dendeng mentah,nutrition1_indonesia,AVAILABLE
1081,Sapi daging gemuk segar,Sapi daging gemuk segar,nutrition1_indonesia,AVAILABLE
1082,Sapi daging kornet,Sapi daging kornet,nutrition1_indonesia,AVAILABLE
1083,Sapi daging kurus segar,Sapi daging kurus segar,nutrition1_indonesia,AVAILABLE
1084,Sapi daging lemak sedang segar,Sapi daging lemak sedang segar,nutrition1_indonesia,AVAILABLE
1085,Sapi daging sosis (Worst),Sapi daging sosis (Worst),nutrition1_indonesia,AVAILABLE
1086,Sapi daleman segar,Sapi daleman segar,nutrition1_indonesia,AVAILABLE
1087,Sapi dideh/darah,Sapi dideh/darah,nutrition1_indonesia,AVAILABLE
1088,Sapi ginjal segar,Sapi ginjal segar,nutrition1_indonesia,AVAILABLE
1089,Sapi hati sosis (liverworst),Sapi hati sosis (liverworst),nutrition1_indonesia,AVAILABLE
1090,Sapi keleponan segar,Sapi keleponan segar,nutrition1_indonesia,AVAILABLE
1091,Sapi liver segar,Sapi liver segar,nutrition1_indonesia,AVAILABLE
1092,Sapi otak segar,Sapi otak segar,nutrition1_indonesia,AVAILABLE
1093,Sapi paru dendeng mentah,Sapi paru dendeng mentah,nutrition1_indonesia,AVAILABLE
1094,Sapi paru goreng,Sapi paru goreng,nutrition1_indonesia,AVAILABLE
1095,Sapi usus segar,Sapi usus segar,nutrition1_indonesia,AVAILABLE
1096,Sarang Burung,Sarang Burung,nutrition1_indonesia,AVAILABLE
1097,Sardines dalam kaleng,Sardines dalam kaleng,nutrition1_indonesia,AVAILABLE
1098,Sari Kedelai bubuk,Sari Kedelai bubuk,nutrition1_indonesia,AVAILABLE
1099,Sarimuka,Sarimuka,nutrition1_indonesia,AVAILABLE
1100,Sate Bandeng,Sate Bandeng,nutrition1_indonesia,AVAILABLE
1101,Sate Kulit,Sate Kulit,nutrition1_indonesia,AVAILABLE
1102,Sate penyu masakan,Sate penyu masakan,nutrition1_indonesia,AVAILABLE
1103,Sate pusut masakan,Sate pusut masakan,nutrition1_indonesia,AVAILABLE
1104,Sate Usus,Sate Usus,nutrition1_indonesia,AVAILABLE
1105,Sawi,Sawi,nutrition1_indonesia,AVAILABLE
1106,Sawi putih / pecai segar,Sawi putih / pecai segar,nutrition1_indonesia,AVAILABLE
1107,Sawi taiwan segar,Sawi taiwan segar,nutrition1_indonesia,AVAILABLE
1108,Sawi tanah segar,Sawi tanah segar,nutrition1_indonesia,AVAILABLE
1109,Sawo,Sawo,nutrition1_indonesia,AVAILABLE
1110,Sawo duren segar,Sawo duren segar,nutrition1_indonesia,AVAILABLE
1111,Sawo kecik segar,Sawo kecik segar,nutrition1_indonesia,AVAILABLE
1112,Sawo Manila segar,Sawo Manila segar,nutrition1_indonesia,AVAILABLE
1113,Sayur asem,Sayur asem,nutrition1_indonesia,AVAILABLE
1114,Sayur bunga pepaya,Sayur bunga pepaya,nutrition1_indonesia,AVAILABLE
1115,Sayur garu,Sayur garu,nutrition1_indonesia,AVAILABLE
1116,Sayur kohu-kohu,Sayur kohu-kohu,nutrition1_indonesia,AVAILABLE
1117,Sayur lebui,Sayur lebui,nutrition1_indonesia,AVAILABLE
1118,Sayur lilin-terubuk,Sayur lilin-terubuk,nutrition1_indonesia,AVAILABLE
1119,Sayur ndusuk,Sayur ndusuk,nutrition1_indonesia,AVAILABLE
1120,Sayur sop,Sayur sop,nutrition1_indonesia,AVAILABLE
1121,Sayur umbut kelapa,Sayur umbut kelapa,nutrition1_indonesia,AVAILABLE
1122,Sayur umbut rotan,Sayur umbut rotan,nutrition1_indonesia,AVAILABLE
1123,Selada,Selada,nutrition1_indonesia,AVAILABLE
1124,Selada Air,Selada Air,nutrition1_indonesia,AVAILABLE
1125,Selada Air rebus,Selada Air rebus,nutrition1_indonesia,AVAILABLE
1126,Seledri,Seledri,nutrition1_indonesia,AVAILABLE
1127,Semangka,Semangka,nutrition1_indonesia,AVAILABLE
1128,Semur Jengkol,Semur Jengkol,nutrition1_indonesia,AVAILABLE
1129,Sente,Sente,nutrition1_indonesia,AVAILABLE
1130,Sente talas segar,Sente talas segar,nutrition1_indonesia,AVAILABLE
1131,Sepi masakan,Sepi masakan,nutrition1_indonesia,AVAILABLE
1132,Serbuk Coklat,Serbuk Coklat,nutrition1_indonesia,AVAILABLE
1133,Serimping talas kebumen,Serimping talas kebumen,nutrition1_indonesia,AVAILABLE
1134,Setrup sirup,Setrup sirup,nutrition1_indonesia,AVAILABLE
1135,Shabu-shabu,Shabu-shabu,nutrition1_indonesia,AVAILABLE
1136,Sie reuboh masakan,Sie reuboh masakan,nutrition1_indonesia,AVAILABLE
1137,Singkah (rotan muda),Singkah (rotan muda),nutrition1_indonesia,AVAILABLE
1138,Singkong Goreng,Singkong Goreng,nutrition1_indonesia,AVAILABLE
1139,Singkong kukus,Singkong kukus,nutrition1_indonesia,AVAILABLE
1140,Singkong tape,Singkong tape,nutrition1_indonesia,AVAILABLE
1141,Siomay,Siomay,nutrition1_indonesia,AVAILABLE
1142,Sirsak,Sirsak,nutrition1_indonesia,AVAILABLE
1143,Sirup,Sirup,nutrition1_indonesia,AVAILABLE
1144,Sop buntut masakan,Sop buntut masakan,nutrition1_indonesia,AVAILABLE
1145,Sop daging sapi masakan,Sop daging sapi masakan,nutrition1_indonesia,AVAILABLE
1146,Sop kaki sapi masakan,Sop kaki sapi masakan,nutrition1_indonesia,AVAILABLE
1147,Sop kambing masakan,Sop kambing masakan,nutrition1_indonesia,AVAILABLE
1148,Sop konro masakan,Sop konro masakan,nutrition1_indonesia,AVAILABLE
1149,Sop Kool,Sop Kool,nutrition1_indonesia,AVAILABLE
1150,Sop Kool dan Wortel,Sop Kool dan Wortel,nutrition1_indonesia,AVAILABLE
1151,Sop saudara masakan,Sop saudara masakan,nutrition1_indonesia,AVAILABLE
1152,Soto bandung masakan,Soto bandung masakan,nutrition1_indonesia,AVAILABLE
1153,Soto banjar masakan,Soto banjar masakan,nutrition1_indonesia,AVAILABLE
1154,Soto betawi masakan,Soto betawi masakan,nutrition1_indonesia,AVAILABLE
1155,Soto dengan Daging,Soto dengan Daging,nutrition1_indonesia,AVAILABLE
1156,Soto jeroan masakan,Soto jeroan masakan,nutrition1_indonesia,AVAILABLE
1157,Soto kudus masakan,Soto kudus masakan,nutrition1_indonesia,AVAILABLE
1158,Soto madura masakan,Soto madura masakan,nutrition1_indonesia,AVAILABLE
1159,Soto padang masakan,Soto padang masakan,nutrition1_indonesia,AVAILABLE
1160,Soto pekalongan masakan,Soto pekalongan masakan,nutrition1_indonesia,AVAILABLE
1161,Soto pemalang masakan,Soto pemalang masakan,nutrition1_indonesia,AVAILABLE
1162,Soto sukaraja masakan,Soto sukaraja masakan,nutrition1_indonesia,AVAILABLE
1163,Soto sulung masakan,Soto sulung masakan,nutrition1_indonesia,AVAILABLE
1164,Soto tanpa Daging,Soto tanpa Daging,nutrition1_indonesia,AVAILABLE
1165,Spaghetti,Spaghetti,nutrition1_indonesia,AVAILABLE
1166,Srikaya,Srikaya,nutrition1_indonesia,AVAILABLE
1167,Sukiyaki masakan,Sukiyaki masakan,nutrition1_indonesia,AVAILABLE
1168,Sukun muda segar,Sukun muda segar,nutrition1_indonesia,AVAILABLE
1169,Sukun tua segar,Sukun tua segar,nutrition1_indonesia,AVAILABLE
1170,Susu asam untuk bayi bubuk,Susu asam untuk bayi bubuk,nutrition1_indonesia,AVAILABLE
1171,Susu bubuk,Susu bubuk,nutrition1_indonesia,AVAILABLE
1172,Susu Kambing,Susu Kambing,nutrition1_indonesia,AVAILABLE
1173,Susu Kedelai,Susu Kedelai,nutrition1_indonesia,AVAILABLE
1174,Susu Kental Manis,Susu Kental Manis,nutrition1_indonesia,AVAILABLE
1175,Susu Kental Tak Manis,Susu Kental Tak Manis,nutrition1_indonesia,AVAILABLE
1176,Susu Kerbau,Susu Kerbau,nutrition1_indonesia,AVAILABLE
1177,Susu Sapi,Susu Sapi,nutrition1_indonesia,AVAILABLE
1178,Susu Skim (tak berlemak),Susu Skim (tak berlemak),nutrition1_indonesia,AVAILABLE
1179,Susu skim bubuk,Susu skim bubuk,nutrition1_indonesia,AVAILABLE
1180,Susu skim segar,Susu skim segar,nutrition1_indonesia,AVAILABLE
1181,Susupan,Susupan,nutrition1_indonesia,AVAILABLE
1182,Suweg kukus,Suweg kukus,nutrition1_indonesia,AVAILABLE
1183,Suweg mentah,Suweg mentah,nutrition1_indonesia,AVAILABLE
1184,Suweg talas segar,Suweg talas segar,nutrition1_indonesia,AVAILABLE
1185,Suwir-suwir,Suwir-suwir,nutrition1_indonesia,AVAILABLE
1186,Tahu,Tahu,nutrition1_indonesia,AVAILABLE
1187,Tahu goreng,Tahu goreng,nutrition1_indonesia,AVAILABLE
1188,Tahu telur,Tahu telur,nutrition1_indonesia,AVAILABLE
1189,Takwa,Takwa,nutrition1_indonesia,AVAILABLE
1190,Talas bogor kukus,Talas bogor kukus,nutrition1_indonesia,AVAILABLE
1191,Talas pontianak segar,Talas pontianak segar,nutrition1_indonesia,AVAILABLE
1192,Talas viqueque segar,Talas viqueque segar,nutrition1_indonesia,AVAILABLE
1193,Tales kukus,Tales kukus,nutrition1_indonesia,AVAILABLE
1194,Tales mentah,Tales mentah,nutrition1_indonesia,AVAILABLE
1195,Taoco,Taoco,nutrition1_indonesia,AVAILABLE
1196,Taoge goreng,Taoge goreng,nutrition1_indonesia,AVAILABLE
1197,Taoge kacang kedelai segar,Taoge kacang kedelai segar,nutrition1_indonesia,AVAILABLE
1198,Taoge seduh,Taoge seduh,nutrition1_indonesia,AVAILABLE
1199,Taoge segar,Taoge segar,nutrition1_indonesia,AVAILABLE
1200,Taokoa,Taokoa,nutrition1_indonesia,AVAILABLE
1201,Tapai beras,Tapai beras,nutrition1_indonesia,AVAILABLE
1202,Tapai ketan hitam,Tapai ketan hitam,nutrition1_indonesia,AVAILABLE
1203,Tapai ketan putih,Tapai ketan putih,nutrition1_indonesia,AVAILABLE
1204,Tapai singkong,Tapai singkong,nutrition1_indonesia,AVAILABLE
1205,Tauco cap DAS cake,Tauco cap DAS cake,nutrition1_indonesia,AVAILABLE
1206,Tauji cap singa,Tauji cap singa,nutrition1_indonesia,AVAILABLE
1207,Tebu Terubuk,Tebu Terubuk,nutrition1_indonesia,AVAILABLE
1208,Tedong pallu basa masakan,Tedong pallu basa masakan,nutrition1_indonesia,AVAILABLE
1209,Teh,Teh,nutrition1_indonesia,AVAILABLE
1210,Teh hijau daun kering,Teh hijau daun kering,nutrition1_indonesia,AVAILABLE
1211,Teh melati daun kering,Teh melati daun kering,nutrition1_indonesia,AVAILABLE
1212,Tekokak,Tekokak,nutrition1_indonesia,AVAILABLE
1213,Tekokak kering,Tekokak kering,nutrition1_indonesia,AVAILABLE
1214,Tekwan,Tekwan,nutrition1_indonesia,AVAILABLE
1215,Telur Ayam,Telur Ayam,nutrition1_indonesia,AVAILABLE
1216,Telur Ayam bagian kuning,Telur Ayam bagian kuning,nutrition1_indonesia,AVAILABLE
1217,Telur Ayam bagian putih,Telur Ayam bagian putih,nutrition1_indonesia,AVAILABLE
1218,Telur Ayam ceplok,Telur Ayam ceplok,nutrition1_indonesia,AVAILABLE
1219,Telur Ayam dadar,Telur Ayam dadar,nutrition1_indonesia,AVAILABLE
1220,Telur ayam kampung,Telur ayam kampung,nutrition1_indonesia,AVAILABLE
1221,Telur bebek bagian kuning segar,Telur bebek bagian kuning segar,nutrition1_indonesia,AVAILABLE
1222,Telur Bebek bagian putih,Telur Bebek bagian putih,nutrition1_indonesia,AVAILABLE
1223,Telur bebek bagian putih segar,Telur bebek bagian putih segar,nutrition1_indonesia,AVAILABLE
1224,Telur Bebek ceplok,Telur Bebek ceplok,nutrition1_indonesia,AVAILABLE
1225,Telur Bebek dadar,Telur Bebek dadar,nutrition1_indonesia,AVAILABLE
1226,Telur bebek tambak segar,Telur bebek tambak segar,nutrition1_indonesia,AVAILABLE
1227,Telur Bebek telur asin,Telur Bebek telur asin,nutrition1_indonesia,AVAILABLE
1228,Telur burung puyuh segar,Telur burung puyuh segar,nutrition1_indonesia,AVAILABLE
1229,Telur Penyu,Telur Penyu,nutrition1_indonesia,AVAILABLE
1230,Telur Terubuk,Telur Terubuk,nutrition1_indonesia,AVAILABLE
1231,Tempe bongkrek,Tempe bongkrek,nutrition1_indonesia,AVAILABLE
1232,Tempe Gembus,Tempe Gembus,nutrition1_indonesia,AVAILABLE
1233,Tempe gembus yogya,Tempe gembus yogya,nutrition1_indonesia,AVAILABLE
1234,Tempe Goreng,Tempe Goreng,nutrition1_indonesia,AVAILABLE
1235,Tempe kacang babi,Tempe kacang babi,nutrition1_indonesia,AVAILABLE
1236,Tempe kacang belimbing,Tempe kacang belimbing,nutrition1_indonesia,AVAILABLE
1237,Tempe kedelai + jagung,Tempe kedelai + jagung,nutrition1_indonesia,AVAILABLE
1238,Tempe kedelai murni goreng,Tempe kedelai murni goreng,nutrition1_indonesia,AVAILABLE
1239,Tempe kedelai murni mentah,Tempe kedelai murni mentah,nutrition1_indonesia,AVAILABLE
1240,Tempe koro benguk,Tempe koro benguk,nutrition1_indonesia,AVAILABLE
1241,Tempe lamtoro var. gung dengan kulit,Tempe lamtoro var. gung dengan kulit,nutrition1_indonesia,AVAILABLE
1242,Tempe lamtoro var. gung tanpa kulit,Tempe lamtoro var. gung tanpa kulit,nutrition1_indonesia,AVAILABLE
1243,Tempe pasar segar,Tempe pasar segar,nutrition1_indonesia,AVAILABLE
1244,Tempe pasar goreng,Tempe pasar goreng,nutrition1_indonesia,AVAILABLE
1245,Tempe Sayur,Tempe Sayur,nutrition1_indonesia,AVAILABLE
1246,Tempoya,Tempoya,nutrition1_indonesia,AVAILABLE
1247,Tempuyak,Tempuyak,nutrition1_indonesia,AVAILABLE
1248,Tepung Arrowroot,Tepung Arrowroot,nutrition1_indonesia,AVAILABLE
1249,Tepung Beras,Tepung Beras,nutrition1_indonesia,AVAILABLE
1250,Tepung beras mentah,Tepung beras mentah,nutrition1_indonesia,AVAILABLE
1251,Tepung Ganyong,Tepung Ganyong,nutrition1_indonesia,AVAILABLE
1252,Tepung Gaplek,Tepung Gaplek,nutrition1_indonesia,AVAILABLE
1253,Tepung Garut (arrowroot),Tepung Garut (arrowroot),nutrition1_indonesia,AVAILABLE
1254,Tepung Hunkwee,Tepung Hunkwee,nutrition1_indonesia,AVAILABLE
1255,Tepung Ikan,Tepung Ikan,nutrition1_indonesia,AVAILABLE
1256,Tepung Jagung Kuning,Tepung Jagung Kuning,nutrition1_indonesia,AVAILABLE
1257,Tepung jagung putih,Tepung jagung putih,nutrition1_indonesia,AVAILABLE
1258,Tepung Jalejo,Tepung Jalejo,nutrition1_indonesia,AVAILABLE
1259,Tepung Kacang Kedelai,Tepung Kacang Kedelai,nutrition1_indonesia,AVAILABLE
1260,Tepung Kentang,Tepung Kentang,nutrition1_indonesia,AVAILABLE
1261,Tepung Mocaf,Tepung Mocaf,nutrition1_indonesia,AVAILABLE
1262,Tepung Pisang,Tepung Pisang,nutrition1_indonesia,AVAILABLE
1263,Tepung Sagu,Tepung Sagu,nutrition1_indonesia,AVAILABLE
1264,Tepung Sente,Tepung Sente,nutrition1_indonesia,AVAILABLE
1265,Tepung singkong/ Tapioka,Tepung singkong/ Tapioka,nutrition1_indonesia,AVAILABLE
1266,Tepung Sukun,Tepung Sukun,nutrition1_indonesia,AVAILABLE
1267,Tepung Susu,Tepung Susu,nutrition1_indonesia,AVAILABLE
1268,Tepung Susu Asam untuk bayi,Tepung Susu Asam untuk bayi,nutrition1_indonesia,AVAILABLE
1269,Tepung Susu Skim,Tepung Susu Skim,nutrition1_indonesia,AVAILABLE
1270,Tepung Tales Beneng,Tepung Tales Beneng,nutrition1_indonesia,AVAILABLE
1271,Tepung Terigu,Tepung Terigu,nutrition1_indonesia,AVAILABLE
1272,Tepung Ubi Ungu,Tepung Ubi Ungu,nutrition1_indonesia,AVAILABLE
1273,Terasi,Terasi,nutrition1_indonesia,AVAILABLE
1274,Terasi dobo,Terasi dobo,nutrition1_indonesia,AVAILABLE
1275,Terasi Merah,Terasi Merah,nutrition1_indonesia,AVAILABLE
1276,Terasi merah,Terasi merah,nutrition1_indonesia,AVAILABLE
1277,Teri balado masakan,Teri balado masakan,nutrition1_indonesia,AVAILABLE
1278,Teripang dendeng mentah,Teripang dendeng mentah,nutrition1_indonesia,AVAILABLE
1279,Terong,Terong,nutrition1_indonesia,AVAILABLE
1280,Terong + Oncom makanan,Terong + Oncom makanan,nutrition1_indonesia,AVAILABLE
1281,Terong Asam,Terong Asam,nutrition1_indonesia,AVAILABLE
1282,Terong Belanda,Terong Belanda,nutrition1_indonesia,AVAILABLE
1283,Terong hintalo segar,Terong hintalo segar,nutrition1_indonesia,AVAILABLE
1284,Terong kukus,Terong kukus,nutrition1_indonesia,AVAILABLE
1285,Terong segar,Terong segar,nutrition1_indonesia,AVAILABLE
1286,Terung belanda segar,Terung belanda segar,nutrition1_indonesia,AVAILABLE
1287,Terung bengkulu segar,Terung bengkulu segar,nutrition1_indonesia,AVAILABLE
1288,Terung panjang,Terung panjang,nutrition1_indonesia,AVAILABLE
1289,Terung panjang kukus,Terung panjang kukus,nutrition1_indonesia,AVAILABLE
1290,Tespong daun,Tespong daun,nutrition1_indonesia,AVAILABLE
1291,Tim (nasi tim),Tim (nasi tim),nutrition1_indonesia,AVAILABLE
1292,Tinira ninahu nggaluku,Tinira ninahu nggaluku,nutrition1_indonesia,AVAILABLE
1293,Tinoransak masakan,Tinoransak masakan,nutrition1_indonesia,AVAILABLE
1294,Tipa-tipa,Tipa-tipa,nutrition1_indonesia,AVAILABLE
1295,Tiwul,Tiwul,nutrition1_indonesia,AVAILABLE
1296,Tiwul Instan,Tiwul Instan,nutrition1_indonesia,AVAILABLE
1297,Toge -Tahu makanan,Toge -Tahu makanan,nutrition1_indonesia,AVAILABLE
1298,Toge Goreng,Toge Goreng,nutrition1_indonesia,AVAILABLE
1299,Toge kacang ijo,Toge kacang ijo,nutrition1_indonesia,AVAILABLE
1300,Toge kacang tunggak,Toge kacang tunggak,nutrition1_indonesia,AVAILABLE
1301,Toge kedelai,Toge kedelai,nutrition1_indonesia,AVAILABLE
1302,Toge seduh,Toge seduh,nutrition1_indonesia,AVAILABLE
1303,Tomat air (juice) segar,Tomat air (juice) segar,nutrition1_indonesia,AVAILABLE
1304,Tomat Masak,Tomat Masak,nutrition1_indonesia,AVAILABLE
1305,Tomat merah segar,Tomat merah segar,nutrition1_indonesia,AVAILABLE
1306,Tomat muda segar,Tomat muda segar,nutrition1_indonesia,AVAILABLE
1307,Tumis bandeng,Tumis bandeng,nutrition1_indonesia,AVAILABLE
1308,Tumis bayam bersantan,Tumis bayam bersantan,nutrition1_indonesia,AVAILABLE
1309,Ubi Cilembu,Ubi Cilembu,nutrition1_indonesia,AVAILABLE
1310,Ubi Jalar Goreng,Ubi Jalar Goreng,nutrition1_indonesia,AVAILABLE
1311,Ubi jalar kuning kukus,Ubi jalar kuning kukus,nutrition1_indonesia,AVAILABLE
1312,Ubi jalar kuning segar,Ubi jalar kuning segar,nutrition1_indonesia,AVAILABLE
1313,Ubi jalar manis segar,Ubi jalar manis segar,nutrition1_indonesia,AVAILABLE
1314,Ubi Jalar Merah,Ubi Jalar Merah,nutrition1_indonesia,AVAILABLE
1315,Ubi jalar merah segar,Ubi jalar merah segar,nutrition1_indonesia,AVAILABLE
1316,Ubi Jalar Putih,Ubi Jalar Putih,nutrition1_indonesia,AVAILABLE
1317,Ubi Jalar Rebus,Ubi Jalar Rebus,nutrition1_indonesia,AVAILABLE
1318,Ubi Jalar Sayur,Ubi Jalar Sayur,nutrition1_indonesia,AVAILABLE
1319,Ubi jalar tinta/ kemayung,Ubi jalar tinta/ kemayung,nutrition1_indonesia,AVAILABLE
1320,Ubi jalar tinta/ kemayung kukus,Ubi jalar tinta/ kemayung kukus,nutrition1_indonesia,AVAILABLE
1321,Uceng/ bunga melinjo segar,Uceng/ bunga melinjo segar,nutrition1_indonesia,AVAILABLE
1322,Udang besar segar,Udang besar segar,nutrition1_indonesia,AVAILABLE
1323,Udang galah segar,Udang galah segar,nutrition1_indonesia,AVAILABLE
1324,Udang kering,Udang kering,nutrition1_indonesia,AVAILABLE
1325,Udang kering mentah,Udang kering mentah,nutrition1_indonesia,AVAILABLE
1326,Udang papay mentah,Udang papay mentah,nutrition1_indonesia,AVAILABLE
1327,Udang segar,Udang segar,nutrition1_indonesia,AVAILABLE
1328,Ulat sagu panggang,Ulat sagu panggang,nutrition1_indonesia,AVAILABLE
1329,Ulat sagu segar,Ulat sagu segar,nutrition1_indonesia,AVAILABLE
1330,Umbi Uwi segar,Umbi Uwi segar,nutrition1_indonesia,AVAILABLE
1331,Umbut rotan,Umbut rotan,nutrition1_indonesia,AVAILABLE
1332,Usus Sapi,Usus Sapi,nutrition1_indonesia,AVAILABLE
1333,Uwi,Uwi,nutrition1_indonesia,AVAILABLE
1334,Vermicelli,Vermicelli,nutrition1_indonesia,AVAILABLE
1335,Wajit camilan,Wajit camilan,nutrition1_indonesia,AVAILABLE
1336,Waluh balamak,Waluh balamak,nutrition1_indonesia,AVAILABLE
1337,Widaran,Widaran,nutrition1_indonesia,AVAILABLE
1338,Wijen,Wijen,nutrition1_indonesia,AVAILABLE
1339,Wingko babat,Wingko babat,nutrition1_indonesia,AVAILABLE
1340,Woku ubi,Woku ubi,nutrition1_indonesia,AVAILABLE
1341,Worst (sosis daging),Worst (sosis daging),nutrition1_indonesia,AVAILABLE
1342,Wortel Segar,Wortel Segar,nutrition1_indonesia,AVAILABLE
1343,Wortel kukus,Wortel kukus,nutrition1_indonesia,AVAILABLE
1344,Wortel rebus,Wortel rebus,nutrition1_indonesia,AVAILABLE
1345,Yangko,Yangko,nutrition1_indonesia,AVAILABLE
1346,Yoghurt,Yoghurt,nutrition1_indonesia,AVAILABLE
